0,1,2,3,4,5,6,7,8,9,10,11,12,13
rep,editing_1_25,editing_1_26,editing_1_27,editing_1_28,editing_1_29,editing_1_30,editing_1_31,editing_1_32,editing_1_33,editing_1_34,editing_1_35,editing_1_36,intron_2_16
1,False,False,True,,,,,,,,,,
1,False,False,False,False,False,False,,,,,,,Err
1,False,True,True,False,False,False,,,,,,,Err
1,False,Err,False,False,False,False,,,,,,,Err
1,False,False,False,False,True,False,False,False,False,,,,False
1,False,False,False,,,,,,,,,,
1,False,True,True,True,True,True,False,False,,,,,False
1,False,False,True,,,,,,,,,,
1,False,False,Err,True,True,False,False,False,False,False,False,False,False
1,False,True,True,True,False,True,,,,,,,Err
1,Err,False,True,True,False,False,False,True,False,False,,,False
1,False,False,True,True,False,False,False,False,,,,,False
1,False,True,True,False,False,False,,,,,,,Err
1,False,True,True,,,,,,,,,,
1,False,False,True,False,Err,False,,,,,,,Err
1,False,True,Err,True,True,True,False,False,False,False,False,True,False
1,False,False,True,,,,,,,,,,
1,False,Err,,,,,,,,,,,
1,False,False,Err,,,,,,,,,,
1,Err,Err,False,,,,,,,,,,
1,False,False,Err,False,False,False,False,False,False,False,False,False,False
1,False,False,True,,,,,,,,,,
1,False,True,True,False,False,False,,,,,,,Err
1,False,False,,,,,,,,,,,
1,False,,,,,,,,,,,,
1,False,True,True,True,True,True,False,False,,,,,False
1,Err,True,True,True,True,Err,True,False,False,True,,,False
1,False,False,True,False,False,False,,,,,,,Err
1,False,True,True,True,False,False,,,,,,,
1,False,True,True,True,False,Err,,,,,,,Err
1,False,False,True,True,False,True,,,,,,,Err
1,False,True,True,True,False,True,False,False,,,,,True
1,False,,,,,,,,,,,,
1,True,False,True,True,False,False,,,,,,,Err
1,False,True,Err,True,False,False,True,False,False,False,False,True,False
1,False,True,True,False,True,True,,,,,,,Err
1,False,False,True,False,False,False,,,,,,,Err
1,Err,Err,True,True,False,True,True,False,False,,,,False
1,False,Err,True,True,False,False,False,False,False,False,Err,False,False
1,False,True,True,True,False,Err,,,,,,,Err
1,False,False,,,,,,,,,,,
1,False,False,Err,,,,,,,,,,
1,False,Err,False,False,False,True,False,False,False,False,False,True,False
1,False,True,True,False,False,True,,,,,,,Err
1,False,False,,,,,,,,,,,
1,False,False,True,False,False,True,,,,,,,
1,False,True,True,True,False,True,False,False,,,,,False
1,False,False,Err,,,,,,,,,,
1,False,False,Err,False,False,False,False,False,False,True,False,True,False
1,False,True,Err,True,True,True,True,False,False,True,False,,True
1,False,False,,,,,,,,,,,
1,False,True,True,False,False,False,,,,,,,Err
1,False,True,,,,,,,,,,,
1,False,True,False,True,False,True,,,,,,,Err
1,False,True,True,,,,,,,,,,
1,False,True,True,,,,,,,,,,
1,False,True,False,,,,,,,,,,
1,False,False,True,,,,,,,,,,
1,False,True,Err,False,False,Err,False,False,False,,,,False
1,False,False,True,,,,,,,,,,
1,Err,,,,,,,,,,,,
1,False,True,True,True,True,True,False,False,,,,,False
1,False,False,True,,,,,,,,,,
1,False,True,False,False,False,True,,,,,,,Err
1,False,True,False,True,True,True,,,,,,,Err
1,True,True,,,,,,,,,,,
1,False,True,Err,,,,,,,,,,
1,False,True,True,,,,,,,,,,
1,False,True,True,False,Err,True,,,,,,,
1,False,True,True,,,,,,,,,,
1,True,True,True,True,True,True,,,,,,,Err
1,False,True,True,False,False,True,,,,,,,Err
1,False,False,True,True,True,True,False,False,False,True,,,False
1,False,True,True,True,True,True,True,False,False,True,,,False
1,Err,True,True,Err,False,True,False,False,,,,,False
1,False,False,Err,Err,True,False,,,,,,,Err
1,False,False,True,True,True,True,,,,,,,Err
1,False,True,True,True,True,True,True,False,False,True,False,True,False
1,Err,False,True,False,True,False,,,,,,,
1,False,True,True,True,True,True,,,,,,,Err
1,False,False,True,True,True,True,True,False,False,,,,True
1,False,False,,,,,,,,,,,
1,False,False,True,True,False,False,,,,,,,Err
1,False,,,,,,,,,,,,
1,False,True,True,,,,,,,,,,
1,False,True,True,True,False,True,,,,,,,Err
1,False,Err,True,True,False,True,True,False,False,,,,False
1,False,True,True,True,True,True,False,False,,,,,False
1,False,Err,True,True,True,True,,,,,,,
1,False,True,Err,True,True,True,,,,,,,Err
1,False,False,,,,,,,,,,,
1,True,True,False,,,,,,,,,,
1,False,True,Err,True,True,True,,,,,,,Err
1,False,False,False,False,False,False,True,False,False,False,False,,False
1,False,True,True,True,False,True,True,False,False,True,,,True
1,False,False,False,Err,False,False,True,False,False,False,False,,False
1,False,True,True,True,True,True,,,,,,,Err
1,False,True,Err,True,True,True,,,,,,,True
1,False,True,True,,,,,,,,,,
1,False,True,True,True,True,True,,,,,,,Err
1,False,True,True,,,,,,,,,,
1,False,True,True,True,True,True,,,,,,,Err
1,False,False,True,False,False,False,False,False,False,True,True,,False
1,False,True,True,True,True,True,,,,,,,Err
1,False,True,True,True,Err,True,,,,,,,Err
1,False,True,True,True,True,True,False,False,,,,,False
1,False,True,True,True,True,True,,,,,,,Err
1,False,True,Err,True,True,True,,,,,,,Err
1,False,Err,Err,True,False,True,,,,,,,
1,False,True,True,False,True,True,,,,,,,Err
1,False,True,Err,,,,,,,,,,
1,False,False,True,,,,,,,,,,
1,False,True,True,False,False,True,,,,,,,Err
1,False,True,True,True,True,True,False,False,,,,,False
1,False,True,True,True,False,True,False,False,,,,,False
1,False,True,True,True,False,True,,,,,,,Err
1,False,True,,,,,,,,,,,
1,False,True,Err,True,True,True,False,False,,,,,False
1,Err,False,Err,True,Err,False,,,,,,,Err
1,True,False,True,False,False,True,,,,,,,False
1,False,True,True,True,True,True,,,,,,,Err
1,False,True,True,True,True,True,,,,,,,Err
1,False,True,Err,,,,,,,,,,
1,Err,True,True,True,False,True,,,,,,,Err
1,True,True,True,,,,,,,,,,
1,False,True,Err,Err,True,True,True,False,False,True,False,True,True
1,False,True,True,True,True,True,,,,,,,Err
1,False,True,True,True,False,False,,,,,,,Err
1,False,True,True,,,,,,,,,,
1,False,True,True,True,True,True,,,,,,,Err
1,False,True,True,True,True,True,True,False,False,True,True,,True
1,True,True,True,True,True,True,True,False,False,,,,True
1,Err,True,True,True,False,True,False,False,False,True,True,True,True
1,False,True,True,,,,,,,,,,
1,Err,True,,,,,,,,,,,
1,False,True,Err,,,,,,,,,,
1,Err,True,Err,True,True,True,,,,,,,Err
1,False,True,Err,,,,,,,,,,
1,True,True,True,True,True,True,True,Err,False,,,,True
1,False,True,True,True,True,True,True,False,False,True,False,,False
1,False,True,True,True,True,False,True,False,False,True,,,False
1,False,True,True,Err,True,True,,,,,,,Err
1,Err,True,True,True,False,Err,True,False,False,,,,True
1,Err,Err,Err,True,True,True,True,False,False,False,,,False
1,False,True,True,,,,,,,,,,
1,False,True,True,,,,,,,,,,
1,False,True,True,True,True,True,,,,,,,Err
1,False,True,True,True,True,True,True,False,False,True,True,True,True
1,Err,True,True,,,,,,,,,,
1,False,True,Err,True,Err,True,,,,,,,Err
1,False,True,Err,True,True,True,True,False,False,True,True,,False
1,False,True,True,False,False,False,True,False,False,,,,False
1,False,True,True,,,,,,,,,,
1,False,True,True,True,True,True,,,,,,,Err
1,False,False,True,True,True,True,True,False,False,True,True,,True
1,False,True,,,,,,,,,,,
1,False,True,True,True,True,True,,,,,,,Err
1,False,True,True,True,True,Err,,,,,,,Err
1,Err,Err,Err,,,,,,,,,,
1,False,True,True,True,True,False,,,,,,,Err
1,False,True,True,True,True,True,,,,,,,Err
1,False,True,True,,,,,,,,,,
1,False,True,,,,,,,,,,,
1,True,True,True,True,True,True,,,,,,,Err
1,False,True,True,True,True,True,False,False,False,True,True,,True
1,False,True,True,True,Err,True,False,False,False,True,,,True
1,False,True,True,,,,,,,,,,
1,False,True,True,True,True,True,False,Err,False,True,True,,True
1,False,True,True,True,True,True,True,False,False,True,False,Err,True
1,True,True,True,True,True,True,True,False,False,True,True,True,True
1,False,True,True,True,True,True,,,,,,,Err
1,False,True,True,True,True,True,True,Err,False,True,,,True
1,True,True,True,True,True,True,True,False,False,True,True,,True
1,False,True,True,True,True,True,True,False,False,True,True,,True
1,False,True,True,True,True,True,,,,,,,Err
1,True,Err,True,True,True,True,,,,,,,Err
1,False,True,True,True,True,True,,,,,,,Err
1,False,True,True,True,True,True,True,False,,,,,True
1,False,True,Err,True,True,True,True,False,False,True,Err,,True
1,False,True,True,True,True,True,,,,,,,Err
1,Err,True,True,True,True,True,,,,,,,Err
1,False,True,True,True,True,True,True,False,False,True,True,,True
1,False,,,,,,,,,,,,
1,True,True,True,True,True,True,,,,,,,Err
1,False,True,Err,True,True,True,True,False,,,,,True
1,True,True,Err,,,,,,,,,,
1,Err,True,True,True,True,True,,,,,,,Err
1,True,Err,False,True,True,True,Err,False,False,True,True,True,True
1,False,True,True,True,True,True,True,False,False,True,True,,True
1,False,True,Err,,,,,,,,,,
1,False,True,True,,,,,,,,,,
1,False,True,True,True,False,True,True,False,False,True,,,True
1,True,True,True,True,True,True,True,False,,,,,False
1,False,True,True,True,False,True,True,False,False,True,True,True,False
1,False,True,True,True,True,True,,,,,,,Err
1,False,True,True,True,True,True,True,False,False,True,True,True,True
1,False,True,True,True,True,True,True,Err,False,True,,,True
1,False,True,True,True,True,True,True,False,False,True,True,,True
1,False,True,True,,,,,,,,,,
1,False,True,,,,,,,,,,,
1,False,False,True,True,True,True,False,False,,,,,True
1,True,False,True,True,True,True,False,False,,,,,False
1,False,True,True,True,True,True,True,False,False,True,True,True,True
1,False,True,True,True,True,True,False,False,,,,,True
1,False,True,True,,,,,,,,,,
1,False,True,,,,,,,,,,,
1,False,True,True,True,True,True,False,False,False,True,True,True,True
1,False,True,True,True,True,True,False,False,,,,,True
1,False,True,,,,,,,,,,,
1,False,True,True,True,True,Err,True,False,False,True,,,True
1,True,True,True,True,True,True,,,,,,,Err
1,False,True,True,Err,Err,True,,,,,,,False
1,False,True,True,,,,,,,,,,
1,False,True,True,,,,,,,,,,
1,True,True,True,True,True,True,True,False,False,True,True,True,True
1,False,True,True,True,False,True,True,False,False,True,True,True,True
1,False,True,True,True,True,True,True,False,False,True,True,,True
1,True,True,True,True,Err,Err,False,False,,,,,True
1,False,True,True,True,True,True,True,False,False,True,Err,True,True
1,False,True,True,True,True,True,True,False,False,True,True,True,True
1,False,True,True,True,Err,True,,,,,,,Err
1,False,True,True,True,False,True,,,,,,,Err
1,False,True,True,,,,,,,,,,
1,True,True,True,True,True,True,,,,,,,Err
1,False,True,True,True,Err,True,,,,,,,Err
1,False,False,True,,,,,,,,,,
1,False,True,True,True,False,Err,,,,,,,Err
1,False,True,True,True,True,True,True,False,True,True,False,True,True
1,True,True,Err,True,True,True,False,False,,,,,False
1,Err,True,True,True,False,False,,,,,,,Err
1,True,False,Err,,,,,,,,,,
1,False,True,,,,,,,,,,,
1,False,True,True,True,True,True,False,Err,False,True,True,True,True
1,Err,True,True,True,False,Err,True,Err,False,True,True,True,True
1,False,True,True,True,True,True,True,False,True,,,,True
1,True,True,True,True,True,True,,,,,,,Err
1,False,True,True,True,,,,,,,,,
1,False,True,True,,,,,,,,,,
1,True,True,,,,,,,,,,,
1,False,True,Err,,,,,,,,,,
1,False,True,True,True,True,True,,,,,,,Err
1,False,True,True,False,Err,Err,,,,,,,Err
1,False,True,True,True,False,True,False,False,False,True,True,,True
1,True,True,True,True,True,True,False,False,,,,,True
1,False,True,True,True,False,True,True,False,False,True,True,True,True
1,False,True,True,True,True,True,True,False,False,True,True,True,True
1,False,True,False,True,True,Err,True,False,Err,,,,True
1,Err,True,True,,,,,,,,,,
1,False,True,,,,,,,,,,,
1,True,True,True,True,False,Err,False,True,False,True,,,True
1,True,True,True,,,,,,,,,,
1,False,True,True,True,True,True,True,False,False,True,True,True,True
1,True,True,,,,,,,,,,,
1,False,True,True,True,True,True,False,False,,,,,True
1,Err,True,True,Err,True,True,,,,,,,Err
1,False,True,Err,True,True,True,True,False,False,True,True,,True
1,True,True,True,True,True,True,True,False,False,True,True,True,True
1,False,True,True,False,True,True,True,False,True,True,True,True,True
1,True,Err,False,True,True,Err,True,False,,,,,True
1,False,True,True,True,True,True,True,False,True,True,True,,True
1,False,True,True,True,True,True,,,,,,,Err
1,False,True,True,,,,,,,,,,
1,False,True,Err,True,True,True,True,False,,,,,True
1,False,True,True,True,True,True,True,False,False,,,,True
1,False,True,True,,,,,,,,,,
1,False,True,True,True,True,True,True,False,False,True,True,True,True
1,False,True,Err,True,True,True,True,False,False,,,,True
1,False,True,Err,True,True,True,,,,,,,Err
1,False,False,Err,,,,,,,,,,
1,False,True,True,True,,,,,,,,,
1,False,True,True,True,True,True,True,False,False,True,True,True,True
1,False,True,True,,,,,,,,,,
1,False,Err,True,True,True,True,False,False,False,True,True,,True
1,True,True,False,,,,,,,,,,
1,False,True,,,,,,,,,,,
1,Err,False,,,,,,,,,,,
1,True,True,True,,,,,,,,,,
1,False,True,True,True,True,True,,,,,,,Err
1,False,True,True,,,,,,,,,,
1,True,True,True,True,True,True,True,False,False,True,,,True
1,False,False,,,,,,,,,,,
1,False,True,Err,True,True,True,False,False,,,,,True
1,False,True,True,True,True,True,True,Err,False,True,True,True,True
1,False,True,True,True,False,True,True,False,False,,,,False
1,False,True,True,True,True,True,Err,,,,,,True
1,False,True,True,,,,,,,,,,
1,False,True,True,True,True,True,,,,,,,Err
1,False,True,True,,,,,,,,,,
1,False,True,True,True,True,True,True,False,False,Err,,,True
1,False,Err,Err,True,True,True,True,False,False,,,,False
1,True,True,True,True,True,True,True,True,False,True,True,,True
1,False,,,,,,,,,,,,
1,False,True,True,True,True,True,True,False,False,,,,True
1,False,True,True,True,True,True,True,False,False,True,Err,,True
1,False,True,Err,True,True,True,,,,,,,Err
1,True,True,,,,,,,,,,,
1,False,Err,Err,True,True,True,True,False,False,True,,,True
1,False,True,True,True,,,,,,,,,
1,False,True,Err,,,,,,,,,,
1,False,True,,,,,,,,,,,
1,True,True,True,,,,,,,,,,
1,False,True,Err,True,True,True,,,,,,,Err
1,True,True,False,True,True,True,True,False,False,True,True,,True
1,Err,Err,Err,True,True,True,True,False,Err,True,False,,True
1,False,True,Err,,,,,,,,,,
1,False,True,True,True,True,True,Err,False,False,True,True,,True
1,Err,True,True,True,True,True,True,False,False,,,,True
1,False,True,Err,,,,,,,,,,
1,False,True,True,True,True,True,True,False,Err,False,True,True,True
1,False,Err,Err,False,True,True,True,False,False,True,True,,True
1,False,True,True,True,True,True,True,False,False,True,,,True
1,False,True,True,True,True,False,True,False,False,True,Err,True,True
1,True,Err,True,True,True,True,,,,,,,False
1,False,True,True,True,True,True,True,False,False,,,,True
1,False,Err,Err,True,True,True,True,False,False,True,True,True,True
1,False,True,True,True,True,True,True,False,False,True,True,Err,True
1,False,True,True,True,True,True,True,False,False,True,True,True,True
1,Err,True,Err,True,True,True,,,,,,,
1,False,True,Err,,,,,,,,,,
1,False,True,Err,True,True,True,,,,,,,
1,False,True,True,,,,,,,,,,
1,False,True,,,,,,,,,,,
1,True,True,True,,,,,,,,,,
1,True,True,True,True,True,True,,,,,,,Err
1,False,True,True,True,True,True,Err,False,False,True,True,,True
1,False,True,Err,True,True,True,True,False,True,,,,True
1,False,True,Err,True,False,True,True,False,False,True,Err,True,True
1,False,True,True,False,True,Err,,,,,,,Err
1,Err,True,Err,,,,,,,,,,
1,False,True,True,,,,,,,,,,
1,True,Err,True,,,,,,,,,,
1,False,True,True,True,True,True,,,,,,,Err
1,False,True,True,True,True,True,True,,,,,,False
1,False,True,True,True,True,True,True,False,False,True,True,,True
1,False,True,True,True,True,True,True,Err,True,True,True,True,True
1,False,,,,,,,,,,,,
1,True,True,True,True,True,True,True,Err,False,True,True,True,True
1,True,True,True,True,True,True,,,,,,,Err
1,False,True,True,True,True,True,True,False,False,True,True,,True
1,True,True,True,True,True,True,True,False,False,True,True,True,True
1,False,True,True,,,,,,,,,,
1,True,True,True,False,True,True,True,False,False,True,True,,True
1,False,True,Err,True,True,True,,,,,,,Err
1,True,True,True,True,True,True,,,,,,,Err
1,False,True,True,True,True,True,True,False,False,True,True,True,True
1,False,True,True,,,,,,,,,,
1,Err,True,True,True,Err,True,True,False,False,True,False,True,True
1,True,True,True,,,,,,,,,,
1,False,True,True,,,,,,,,,,
1,False,True,True,,,,,,,,,,
1,False,True,True,True,,,,,,,,,
1,False,True,True,True,True,True,False,False,,,,,True
1,False,True,True,True,True,True,True,False,False,True,True,,True
1,False,True,True,,,,,,,,,,
1,False,True,,,,,,,,,,,
1,False,True,True,,,,,,,,,,
1,True,True,True,True,True,True,,,,,,,
1,False,True,True,True,Err,Err,True,False,False,True,,,False
1,False,True,Err,,,,,,,,,,
1,False,True,,,,,,,,,,,
1,True,True,True,,,,,,,,,,
1,False,True,True,True,True,True,True,False,,,,,True
1,False,False,True,True,True,True,,,,,,,
1,False,True,,,,,,,,,,,
1,False,True,True,True,True,True,False,False,False,True,,,True
1,Err,True,True,False,False,True,,,,,,,False
1,False,True,True,True,True,True,False,False,,,,,True
1,False,True,True,True,True,True,True,False,False,True,,,True
1,False,True,True,True,True,True,,,,,,,Err
1,False,True,True,,,,,,,,,,
1,False,True,True,False,True,True,,,,,,,Err
1,False,True,Err,True,True,True,True,False,True,Err,True,,True
1,False,True,True,,,,,,,,,,
1,True,True,True,True,True,True,,,,,,,Err
1,False,True,True,,,,,,,,,,
1,False,True,True,True,True,True,True,False,False,True,True,True,True
1,False,True,True,True,True,True,True,False,False,True,True,,True
1,False,True,Err,,,,,,,,,,
1,False,True,True,False,True,True,,,,,,,
1,True,True,True,True,True,True,True,False,False,True,True,True,True
1,True,True,True,,,,,,,,,,
1,False,True,True,True,Err,False,,,,,,,
1,True,True,True,,,,,,,,,,
1,True,Err,True,,,,,,,,,,
1,True,True,Err,True,True,True,True,False,False,True,True,True,True
1,False,True,,,,,,,,,,,
1,True,True,False,True,True,True,False,False,False,True,True,True,True
1,False,True,True,True,True,Err,True,Err,False,True,True,True,True
1,False,True,True,True,True,True,False,False,False,True,,,True
1,False,True,Err,True,False,True,True,False,False,True,,,True
1,False,True,False,True,True,True,,,,,,,
1,Err,True,True,False,Err,False,True,False,,,,,True
1,False,True,True,True,True,True,True,False,False,True,True,True,True
1,True,True,True,True,False,True,False,False,False,,,,True
1,False,True,True,True,True,True,,,,,,,Err
1,False,True,,,,,,,,,,,
1,False,True,Err,,,,,,,,,,
1,False,Err,True,,,,,,,,,,
1,False,True,Err,True,True,True,True,False,False,,,,True
1,False,True,Err,True,True,True,True,False,,,,,True
1,False,True,True,True,True,True,False,False,,,,,True
1,False,True,True,True,True,True,False,False,,,,,True
1,True,True,True,True,True,True,True,False,False,,,,True
1,False,True,True,,,,,,,,,,
1,False,True,True,,,,,,,,,,
1,False,True,False,True,True,True,False,Err,False,True,True,True,True
1,True,True,Err,True,True,True,True,False,False,,,,True
1,False,,,,,,,,,,,,
1,False,True,Err,True,,,,,,,,,
1,False,True,,,,,,,,,,,
1,True,True,True,True,True,True,True,True,False,,,,True
1,True,True,True,True,True,True,True,False,False,True,True,,True
1,Err,True,True,True,True,True,,,,,,,
1,False,True,True,True,Err,True,False,False,,,,,True
1,False,Err,True,,,,,,,,,,
1,False,True,True,,,,,,,,,,
1,Err,True,Err,True,True,True,False,False,,,,,True
1,False,True,Err,True,True,True,,,,,,,
1,True,True,Err,True,True,False,,,,,,,Err
1,True,,,,,,,,,,,,
1,False,True,Err,True,True,True,True,False,Err,True,,,True
1,True,,,,,,,,,,,,
1,False,True,True,True,True,True,False,False,False,True,True,,True
1,False,True,Err,True,True,True,,,,,,,Err
1,False,True,True,True,True,True,True,False,True,True,True,True,True
1,False,True,Err,True,False,True,True,False,False,True,,,True
1,Err,Err,True,,,,,,,,,,
1,False,True,True,,,,,,,,,,
1,False,True,Err,True,True,True,True,False,,,,,True
1,False,Err,Err,True,True,True,True,False,False,,,,True
1,False,True,True,,,,,,,,,,
1,False,True,True,,,,,,,,,,
1,True,Err,True,True,True,True,False,Err,False,True,True,,True
1,False,Err,True,Err,True,True,True,Err,False,True,True,,True
1,True,False,True,True,False,False,,,,,,,Err
1,False,True,True,,,,,,,,,,
1,True,True,True,,,,,,,,,,
1,False,False,True,True,True,True,True,False,False,,,,True
1,False,True,True,True,True,True,False,Err,False,True,True,,True
1,False,False,False,False,False,True,False,False,False,False,False,False,False
1,True,Err,,,,,,,,,,,
1,False,True,Err,True,True,True,True,False,False,,,,True
1,False,True,True,True,True,True,True,False,False,True,,,True
1,False,True,,,,,,,,,,,
1,False,True,True,True,True,True,True,False,False,True,True,True,False
1,False,True,True,True,Err,True,True,Err,False,,,,True
1,False,True,True,True,True,True,,,,,,,Err
1,False,Err,Err,True,True,True,True,False,True,,,,True
1,False,True,Err,True,True,True,True,False,False,True,True,True,True
1,False,True,True,,,,,,,,,,
1,False,True,True,,,,,,,,,,
1,True,True,True,True,True,True,,,,,,,
1,False,True,True,,,,,,,,,,
1,False,True,True,,,,,,,,,,
1,False,True,True,True,True,True,True,False,False,False,False,,True
1,False,True,True,True,True,True,True,Err,,,,,False
1,False,True,True,True,True,True,True,False,,,,,True
1,,Err,True,True,True,True,True,Err,True,,,,True
1,,True,True,True,True,True,True,False,False,True,True,True,True
1,,Err,True,True,False,True,Err,False,,,,,False
1,,True,True,,,,,,,,,,
1,,True,Err,True,True,True,,,,,,,
1,,True,True,True,True,True,True,False,False,True,,,True
1,,True,True,True,True,True,True,False,False,True,,,True
1,,True,Err,False,False,False,False,False,,,,,False
1,,True,True,True,True,True,,,,,,,Err
1,,True,False,False,True,True,,,,,,,False
1,,True,True,True,False,True,,,,,,,False
1,,True,True,True,True,True,,,,,,,Err
1,,True,True,True,False,True,,,,,,,Err
1,,True,True,,,,,,,,,,
1,,True,,,,,,,,,,,
1,,True,False,False,False,True,,,,,,,Err
1,,True,True,True,Err,True,False,False,,,,,True
1,,True,Err,True,True,True,False,Err,False,,,,True
1,,True,True,True,True,True,Err,False,False,True,True,,True
1,,True,True,,,,,,,,,,
1,,Err,True,True,True,Err,False,False,,,,,True
1,,True,True,True,True,True,True,False,True,True,True,True,True
1,,True,True,,,,,,,,,,
1,,False,True,False,False,False,,,,,,,Err
1,,True,True,True,False,False,True,True,False,,,,True
1,,True,True,True,True,True,,,,,,,Err
1,,Err,Err,Err,Err,Err,True,False,False,True,True,,True
1,,True,True,True,True,True,,,,,,,Err
1,,Err,True,,,,,,,,,,
1,,True,Err,True,True,True,True,False,False,Err,True,True,True
1,,True,True,True,True,True,True,False,False,,,,True
1,,True,True,True,True,True,,,,,,,
1,,True,True,True,True,True,True,False,False,True,,,True
1,,False,True,True,Err,True,,,,,,,Err
1,,True,Err,True,True,True,True,False,False,True,True,True,True
1,,False,Err,True,False,False,,,,,,,Err
1,,True,Err,True,True,True,True,False,False,True,True,True,True
1,,True,True,True,True,Err,Err,False,False,True,True,True,True
1,,False,Err,True,True,True,,,,,,,Err
1,,,True,True,True,True,,,,,,,Err
1,,,True,False,False,True,,,,,,,Err
1,,,True,False,False,True,,,,,,,Err
1,,,True,True,True,True,False,False,False,,,,False
1,,,Err,True,True,True,True,False,False,True,True,True,True
1,,,True,Err,False,Err,,,,,,,Err
1,,,Err,True,True,True,,,,,,,Err
1,,,True,True,True,True,,,,,,,Err
1,,,True,True,True,True,True,False,False,,,,True
1,,,Err,True,True,True,,,,,,,Err
1,,,True,True,True,True,,,,,,,False
1,,,True,True,True,True,True,False,False,True,True,True,True
1,,,True,,,,,,,,,,
1,,,True,True,True,True,False,False,,,,,False
1,,,True,True,Err,True,,,,,,,Err
1,,,True,True,True,True,True,False,,,,,False
1,,,True,True,True,True,True,Err,False,True,Err,True,False
1,,,True,True,True,True,,,,,,,False
1,,,False,True,True,True,,,,,,,Err
1,,,True,True,True,True,,,,,,,Err
1,,,True,,,,,,,,,,
1,,,True,True,True,True,,,,,,,Err
1,,,True,True,True,True,False,False,,,,,True
1,,,True,,,,,,,,,,
1,,,True,True,True,True,False,False,,,,,False
1,,,True,True,True,True,,,,,,,False
1,,,False,True,False,True,False,False,False,True,True,,True
1,,,True,True,True,True,True,False,True,True,True,True,True
1,,,True,True,True,True,True,False,False,True,False,True,True
1,,,False,True,False,False,False,False,,,,,False
1,,,True,True,True,True,True,False,,,,,True
1,,,Err,False,False,True,,,,,,,Err
1,,,Err,True,True,True,True,False,False,True,True,,True
1,,,True,Err,True,True,,,,,,,Err
1,,,True,True,True,True,,,,,,,Err
1,,,True,False,False,True,True,False,False,,,,False
1,,,True,True,Err,True,,,,,,,Err
1,,,Err,True,True,True,,,,,,,Err
1,,,True,True,True,True,Err,False,False,True,False,True,True
1,,,Err,False,False,True,True,False,False,True,False,True,False
1,,,Err,True,False,True,,,,,,,Err
1,,,False,True,True,True,,,,,,,Err
1,,,True,True,True,True,True,False,,,,,True
1,,,True,True,True,True,True,False,False,True,True,True,True
1,,,True,,,,,,,,,,
1,,,True,True,True,True,True,False,False,,,,True
1,,,True,True,True,True,,,,,,,False
1,,,,True,True,True,True,False,False,True,True,True,True
1,,,,True,False,True,True,False,False,True,False,True,True
1,,,,True,True,Err,False,Err,False,False,,,False
1,,,,True,True,True,,,,,,,Err
1,,,,False,False,False,,,,,,,Err
1,,,,True,Err,True,,,,,,,False
1,,,,True,True,True,,,,,,,Err
1,,,,True,True,True,Err,False,False,True,True,True,True
1,,,,True,True,True,True,False,False,,,,True
1,,,,True,True,True,Err,False,,,,,True
1,,,,True,False,True,,,,,,,Err
1,,,,True,True,False,True,False,False,True,,,False
1,,,,True,True,True,,,,,,,Err
1,,,,True,True,True,True,False,False,,,,False
1,,,,True,True,True,,,,,,,Err
1,,,,True,True,True,True,False,False,,,,True
1,,,,True,True,True,,,,,,,False
1,,,,True,True,True,False,False,,,,,False
1,,,,True,False,Err,Err,False,,,,,False
1,,,,True,True,True,True,False,False,True,,,False
1,,,,True,True,True,,,,,,,Err
1,,,,True,False,True,,,,,,,Err
1,,,,False,False,False,True,False,False,,,,False
1,,,,True,True,True,,,,,,,False
1,,,,True,True,True,,,,,,,
1,,,,True,True,True,True,True,False,True,True,True,False
1,,,,True,False,True,,,,,,,Err
1,,,,True,True,True,,,,,,,Err
1,,,,True,True,True,,,,,,,True
1,,,,False,False,False,False,False,False,,,,False
1,,,,True,False,True,,,,,,,Err
1,,,,True,True,True,True,Err,False,,,,True
1,,,,False,True,True,False,False,False,True,False,,False
1,,,,True,True,True,,,,,,,
1,,,,True,True,True,True,False,False,True,True,True,True
1,,,,True,True,True,,,,,,,Err
1,,,,False,True,True,True,False,False,True,True,True,True
1,,,,False,False,True,False,False,,,,,False
1,,,,True,True,True,True,False,False,True,True,True,False
1,,,,True,True,True,True,True,False,True,True,True,True
1,,,,True,False,True,True,False,False,True,True,True,True
1,,,,True,False,Err,True,Err,False,True,True,True,True
1,,,,True,True,True,False,False,,,,,False
1,,,,True,True,True,True,False,False,True,True,,False
1,,,,False,True,True,,,,,,,Err
1,,,,True,True,True,,,,,,,Err
1,,,,False,True,True,,,,,,,Err
1,,,,True,False,False,,,,,,,Err
1,,,,True,True,True,True,False,False,True,False,True,True
1,,,,True,True,True,True,False,False,True,True,True,False
1,,,,True,True,True,,,,,,,Err
1,,,,True,False,True,,,,,,,Err
1,,,,True,True,True,,,,,,,Err
1,,,,False,False,True,True,False,False,,,,False
1,,,,True,True,True,True,False,False,True,,,False
1,,,,Err,True,True,True,False,False,True,True,True,True
1,,,,True,True,True,True,False,False,True,True,True,True
1,,,,True,False,True,,,,,,,False
1,,,,True,True,True,True,False,False,True,True,,True
1,,,,True,True,True,,,,,,,Err
1,,,,True,True,True,True,False,False,True,True,True,True
1,,,,True,True,True,Err,False,False,True,True,,False
1,,,,True,True,True,,,,,,,Err
1,,,,True,True,True,,,,,,,Err
1,,,,True,False,True,,,,,,,Err
1,,,,Err,False,True,True,False,False,True,True,True,True
1,,,,True,True,True,True,False,False,True,True,True,True
1,,,,True,True,True,,,,,,,False
1,,,,False,False,False,False,False,False,False,False,False,False
1,,,,False,True,True,True,False,False,False,False,Err,False
1,,,,True,True,True,,,,,,,Err
1,,,,True,True,True,Err,False,False,True,True,,True
1,,,,False,False,False,False,False,,,,,False
1,,,,,True,True,,,,,,,Err
1,,,,,False,True,True,False,False,True,True,,True
1,,,,,False,False,,,,,,,Err
1,,,,,False,False,False,False,False,,,,False
1,,,,,False,False,True,False,False,True,False,True,False
1,,,,,,True,True,False,False,True,True,True,True
1,,,,,,True,True,False,True,True,True,,False
1,,,,,,,,,,,,,False
1,,,,,,,,,,,,,False
1,,,,,,,True,False,False,True,True,,False
1,,,,,,,True,False,False,True,Err,,True
1,,,,,,,True,False,False,True,True,True,True
1,,,,,,,False,False,False,True,True,True,True
1,,,,,,,True,False,False,False,False,True,False
1,,,,,,,True,False,False,True,False,True,True
1,,,,,,,True,False,True,True,True,True,True
1,,,,,,,True,True,True,True,True,True,False
1,,,,,,,True,False,False,True,True,,True
1,,,,,,,True,False,False,True,True,True,True
1,,,,,,,False,False,False,,,,False
1,,,,,,,False,False,False,False,False,,False
1,,,,,,,,,,,,,Err
1,,,,,,,,,,,,,Err
1,,,,,,,False,False,False,,,,False
1,,,,,,,True,False,False,True,True,,True
1,,,,,,,False,False,False,False,False,False,False
1,,,,,,,,,,,,,False
1,,,,,,,True,False,False,False,True,,False
1,,,,,,,Err,False,False,True,True,,False
1,,,,,,,,,,,,,Err
1,,,,,,,True,True,False,True,False,True,False
1,,,,,,,,,,,,,Err
1,,,,,,,,,,,,,Err
1,,,,,,,True,False,False,True,True,True,Err
1,,,,,,,True,False,False,,,,Err
1,,,,,,,,,,,,,Err
1,,,,,,,True,False,False,True,True,True,Err
1,,,,,,,False,False,False,False,,,Err
1,,,,,,,True,False,False,True,True,,Err
1,,,,,,,,,,,,,Err
1,,,,,,,,,,,,,Err
1,,,,,,,,,,,,,Err
1,,,,,,,,,,,,,Err
1,,,,,,,True,False,False,,,,Err
1,,,,,,,,,,,,,Err
1,,,,,,,True,False,False,True,True,,Err
1,,,,,,,True,False,False,True,True,,Err
1,,,,,,,True,False,False,True,,,Err
1,,,,,,,True,False,,,,,Err
1,,,,,,,,,,,,,Err
1,,,,,,,True,False,False,True,False,True,Err
1,,,,,,,True,Err,False,True,True,True,Err
1,,,,,,,,,,,,,Err
1,,,,,,,True,False,False,,,,Err
1,,,,,,,,,,,,,Err
1,,,,,,,True,True,False,True,True,False,Err
1,,,,,,,True,False,False,,,,Err
1,,,,,,,True,False,False,,,,Err
1,,,,,,,True,True,False,False,False,True,Err
1,,,,,,,True,False,False,True,False,False,Err
1,,,,,,,Err,False,False,True,Err,,Err
1,,,,,,,True,False,False,True,False,True,Err
1,,,,,,,True,False,False,True,True,,Err
1,,,,,,,False,False,False,False,False,,Err
1,,,,,,,True,False,False,True,True,Err,Err
1,,,,,,,False,False,False,True,True,True,Err
1,,,,,,,False,False,False,True,True,True,Err
1,,,,,,,True,False,False,False,True,True,Err
1,,,,,,,True,False,False,True,True,True,Err
1,,,,,,,False,False,False,False,False,False,Err
1,,,,,,,False,False,,,,,Err
1,,,,,,,False,False,False,False,False,Err,Err
1,,,,,,,True,False,False,True,True,True,Err
1,,,,,,,Err,False,False,,,,Err
1,,,,,,,,,,,,,Err
1,,,,,,,True,False,False,True,True,True,Err
1,,,,,,,True,True,False,False,False,True,Err
1,,,,,,,True,Err,False,,,,Err
1,,,,,,,True,False,False,False,False,True,Err
1,,,,,,,True,False,True,True,False,True,Err
1,,,,,,,True,False,False,True,True,True,Err
1,,,,,,,True,False,False,True,,,Err
1,,,,,,,True,False,False,False,False,False,Err
1,,,,,,,True,Err,False,True,True,True,Err
1,,,,,,,False,False,False,False,False,False,Err
1,,,,,,,True,False,False,False,Err,True,Err
1,,,,,,,True,False,False,False,False,Err,Err
1,,,,,,,False,False,False,False,False,False,Err
1,,,,,,,False,False,False,True,True,True,Err
1,,,,,,,True,False,False,True,True,True,Err
1,,,,,,,True,False,False,True,True,True,Err
1,,,,,,,True,False,True,True,True,True,Err
1,,,,,,,True,False,False,True,True,,Err
1,,,,,,,True,False,False,False,False,False,Err
1,,,,,,,Err,False,False,True,True,True,
1,,,,,,,True,False,False,True,Err,True,
1,,,,,,,True,False,False,True,True,True,
1,,,,,,,True,False,False,True,True,True,
1,,,,,,,False,False,True,True,True,,
1,,,,,,,True,False,False,True,True,True,
1,,,,,,,True,False,False,False,False,True,
1,,,,,,,,False,False,True,True,True,
1,,,,,,,,,,True,True,True,
1,,,,,,,,,,True,True,True,
1,,,,,,,,,,True,True,True,
1,,,,,,,,,,True,True,True,
1,,,,,,,,,,True,True,True,
1,,,,,,,,,,True,False,True,
1,,,,,,,,,,True,False,True,
1,,,,,,,,,,True,True,,
1,,,,,,,,,,True,True,True,
1,,,,,,,,,,False,True,True,
1,,,,,,,,,,True,False,,
1,,,,,,,,,,True,True,,
1,,,,,,,,,,True,True,True,
1,,,,,,,,,,True,True,True,
1,,,,,,,,,,True,True,True,
1,,,,,,,,,,True,True,True,
1,,,,,,,,,,True,Err,True,
1,,,,,,,,,,True,True,Err,
1,,,,,,,,,,True,True,True,
1,,,,,,,,,,True,False,True,
1,,,,,,,,,,True,True,True,
1,,,,,,,,,,True,True,True,
1,,,,,,,,,,False,True,True,
1,,,,,,,,,,True,True,True,
1,,,,,,,,,,True,True,True,
1,,,,,,,,,,True,True,True,
1,,,,,,,,,,True,True,True,
1,,,,,,,,,,True,True,True,
1,,,,,,,,,,True,True,True,
1,,,,,,,,,,True,True,True,
1,,,,,,,,,,True,True,True,
1,,,,,,,,,,,True,True,
1,,,,,,,,,,,True,True,
1,,,,,,,,,,,True,True,
1,,,,,,,,,,,True,True,
1,,,,,,,,,,,True,True,
1,,,,,,,,,,,True,True,
1,,,,,,,,,,,True,True,
1,,,,,,,,,,,True,True,
1,,,,,,,,,,,True,,
1,,,,,,,,,,,True,True,
1,,,,,,,,,,,True,True,
1,,,,,,,,,,,True,True,
1,,,,,,,,,,,True,True,
1,,,,,,,,,,,True,True,
1,,,,,,,,,,,Err,True,
1,,,,,,,,,,,False,False,
1,,,,,,,,,,,Err,True,
1,,,,,,,,,,,False,False,
1,,,,,,,,,,,,False,
1,,,,,,,,,,,,True,
1,,,,,,,,,,,,True,
1,,,,,,,,,,,,True,
1,,,,,,,,,,,,True,
1,,,,,,,,,,,,True,
1,,,,,,,,,,,,True,
1,,,,,,,,,,,,True,
1,,,,,,,,,,,,False,
1,,,,,,,,,,,,Err,
2,False,False,Err,True,True,True,False,False,True,,,,True
2,False,False,True,,,,,,,,,,
2,False,False,False,False,False,False,False,False,,,,,False
2,False,True,True,False,False,Err,False,False,,,,,False
2,False,False,,,,,,,,,,,
2,False,True,True,False,False,True,Err,False,,,,,False
2,False,False,True,,,,,,,,,,
2,False,False,True,False,False,False,,,,,,,Err
2,False,True,True,True,False,True,False,False,False,False,,,False
2,False,True,True,True,False,False,,,,,,,Err
2,False,False,True,False,False,False,,,,,,,Err
2,False,False,True,,,,,,,,,,
2,Err,True,True,False,False,False,False,False,False,False,False,,False
2,False,True,,,,,,,,,,,
2,False,False,,,,,,,,,,,
2,False,True,True,,,,,,,,,,
2,False,,,,,,,,,,,,
2,False,True,,,,,,,,,,,
2,Err,True,Err,False,False,Err,,,,,,,Err
2,False,True,False,,,,,,,,,,
2,False,True,True,,,,,,,,,,
2,False,True,True,False,False,True,False,False,,,,,False
2,False,True,True,True,False,True,,,,,,,Err
2,False,True,True,False,True,True,,,,,,,Err
2,False,True,True,Err,Err,Err,,,,,,,Err
2,False,False,True,Err,True,True,,,,,,,Err
2,False,True,True,True,True,True,True,Err,False,True,True,,True
2,False,True,,,,,,,,,,,
2,False,True,True,True,True,True,,,,,,,Err
2,False,True,True,,,,,,,,,,
2,False,True,True,True,True,True,,,,,,,Err
2,False,,,,,,,,,,,,
2,False,True,True,,,,,,,,,,
2,False,True,True,True,False,False,,,,,,,False
2,False,False,True,False,False,True,True,False,False,Err,,,True
2,False,True,True,True,True,True,True,False,False,True,True,True,True
2,False,True,True,True,True,True,,,,,,,
2,False,True,True,True,False,True,,,,,,,Err
2,False,True,Err,True,False,False,,,,,,,Err
2,Err,True,True,,,,,,,,,,
2,False,True,True,,,,,,,,,,
2,True,True,True,,,,,,,,,,
2,False,True,True,,,,,,,,,,
2,False,True,Err,True,True,True,True,False,,,,,True
2,Err,True,True,,,,,,,,,,
2,False,True,True,True,True,True,False,False,False,True,True,True,True
2,False,True,True,True,True,True,,,,,,,False
2,False,True,,,,,,,,,,,
2,Err,True,True,,,,,,,,,,
2,False,True,True,True,True,True,True,False,False,True,True,True,False
2,True,True,Err,,,,,,,,,,
2,Err,True,True,True,True,True,,,,,,,Err
2,False,True,True,True,True,True,True,False,False,,,,False
2,False,True,True,True,True,True,True,False,False,True,True,True,True
2,False,False,True,True,True,True,False,False,False,False,,,False
2,False,True,True,True,True,True,False,False,False,True,True,True,True
2,False,True,True,,,,,,,,,,
2,False,True,True,True,True,True,Err,False,False,True,True,,True
2,False,Err,True,,,,,,,,,,
2,Err,True,True,True,True,True,False,False,,,,,False
2,False,True,True,True,False,True,True,False,False,False,False,True,False
2,Err,Err,True,True,True,True,True,False,False,True,,,True
2,False,True,Err,True,True,True,True,False,False,True,,,True
2,False,True,True,True,True,True,False,False,,,,,False
2,False,True,True,True,True,True,Err,False,,,,,True
2,False,Err,True,True,True,True,True,False,False,True,True,True,True
2,False,True,True,True,True,True,,,,,,,Err
2,False,True,Err,True,False,True,False,False,False,Err,True,,True
2,True,True,True,True,Err,Err,False,False,,,,,False
2,True,True,False,True,False,False,True,False,False,True,,,True
2,False,True,True,,,,,,,,,,
2,False,True,True,,,,,,,,,,
2,False,True,True,True,True,True,,,,,,,Err
2,False,True,True,True,True,True,False,False,,,,,True
2,False,True,True,True,True,True,True,False,False,True,True,True,True
2,False,True,True,True,True,True,True,False,False,True,True,True,True
2,Err,True,True,True,Err,True,True,False,False,True,,,True
2,False,True,True,,,,,,,,,,
2,False,False,True,True,True,True,False,False,,,,,False
2,False,False,True,,,,,,,,,,
2,False,True,Err,True,True,True,,,,,,,Err
2,False,True,True,True,True,True,False,False,False,,,,True
2,False,True,True,True,Err,True,True,False,False,True,True,True,True
2,False,True,Err,True,True,True,,,,,,,Err
2,False,True,True,True,True,True,,,,,,,Err
2,False,True,Err,,,,,,,,,,
2,False,Err,Err,True,True,True,False,False,,,,,False
2,False,True,Err,True,True,True,True,False,False,True,,,True
2,False,True,,,,,,,,,,,
2,True,True,True,True,True,True,,,,,,,Err
2,False,True,True,,,,,,,,,,
2,False,True,True,True,True,True,False,True,,,,,True
2,False,True,Err,True,True,True,,,,,,,Err
2,False,True,Err,True,True,True,,,,,,,Err
2,Err,True,,,,,,,,,,,
2,False,True,True,True,True,True,,,,,,,
2,False,Err,True,True,True,True,True,False,False,True,True,True,True
2,False,True,,,,,,,,,,,
2,True,False,True,True,False,True,,,,,,,
2,False,True,Err,True,False,True,,,,,,,
2,False,True,True,True,False,True,True,False,False,,,,True
2,False,True,True,True,True,True,,,,,,,Err
2,Err,False,False,True,True,True,False,False,False,True,True,True,True
2,False,True,True,True,True,False,True,False,False,,,,True
2,False,True,True,True,False,True,False,False,False,,,,True
2,False,True,True,,,,,,,,,,
2,False,True,Err,True,True,True,True,False,False,True,Err,,True
2,Err,Err,True,Err,True,True,,,,,,,Err
2,False,True,True,True,True,True,True,False,False,True,True,,True
2,False,True,Err,True,True,True,,,,,,,Err
2,True,True,True,True,False,Err,,,,,,,Err
2,False,True,True,True,True,True,,,,,,,
2,False,True,True,True,True,True,,,,,,,Err
2,False,Err,True,True,True,True,Err,False,False,,,,True
2,Err,True,True,True,True,True,Err,False,False,,,,True
2,False,True,Err,True,True,True,True,False,False,,,,True
2,False,True,True,True,True,True,True,False,False,True,,,True
2,Err,Err,True,True,True,True,True,False,False,True,True,Err,True
2,False,True,True,True,True,True,False,True,False,True,True,,True
2,False,True,Err,True,True,True,True,False,False,True,,,True
2,False,True,Err,,,,,,,,,,
2,False,True,True,True,False,True,True,Err,,,,,True
2,Err,Err,True,True,True,Err,False,Err,True,True,False,True,True
2,False,True,True,False,False,True,,,,,,,Err
2,False,True,True,True,False,True,Err,False,,,,,False
2,False,True,True,,,,,,,,,,
2,Err,Err,Err,Err,Err,Err,Err,False,False,True,True,True,True
2,False,True,True,True,True,True,Err,False,False,True,,,True
2,False,True,True,True,True,True,True,False,,,,,True
2,Err,True,True,True,True,True,True,False,,,,,True
2,True,True,Err,,,,,,,,,,
2,False,True,True,,,,,,,,,,
2,False,True,,,,,,,,,,,
2,,Err,Err,True,True,True,True,False,False,True,,,True
2,,False,False,False,False,False,False,Err,,,,,False
2,,False,False,False,False,False,,,,,,,Err
2,,True,True,True,True,True,True,False,False,True,,,True
2,,True,True,True,True,True,True,Err,,,,,True
2,,True,True,True,True,True,True,False,False,True,True,Err,True
2,,True,True,True,False,True,False,False,,,,,False
2,,True,Err,True,True,Err,True,False,True,True,Err,False,True
2,,True,True,True,True,True,False,False,,,,,False
2,,Err,Err,False,True,True,,,,,,,Err
2,,False,Err,False,False,False,,,,,,,Err
2,,,True,True,False,True,,,,,,,Err
2,,,True,True,True,True,False,Err,,,,,False
2,,,True,True,True,False,True,False,False,True,False,,True
2,,,Err,True,True,False,,,,,,,False
2,,,True,True,False,True,False,False,False,True,True,,True
2,,,True,False,True,True,False,True,,,,,False
2,,,True,True,False,Err,,,,,,,Err
2,,,True,True,False,True,,,,,,,
2,,,Err,True,False,True,,,,,,,Err
2,,,True,True,True,True,,,,,,,Err
2,,,True,True,False,True,,,,,,,Err
2,,,True,True,False,True,True,False,False,True,False,,False
2,,,True,True,False,True,False,False,,,,,False
2,,,Err,True,False,True,,,,,,,Err
2,,,False,False,False,False,False,False,,,,,False
2,,,True,True,True,True,False,False,,,,,False
2,,,True,True,True,True,,,,,,,False
2,,,True,True,True,True,True,False,False,True,True,True,True
2,,,True,True,True,True,True,False,False,True,True,True,True
2,,,,True,True,True,True,False,,,,,False
2,,,,True,False,True,False,False,False,,,,False
2,,,,True,True,True,True,Err,True,True,True,True,True
2,,,,True,True,True,True,False,False,True,False,True,True
2,,,,True,False,True,,,,,,,Err
2,,,,True,True,True,,,,,,,False
2,,,,False,False,True,Err,False,,,,,False
2,,,,True,True,True,,,,,,,Err
2,,,,False,False,True,,,,,,,Err
2,,,,True,False,False,False,Err,False,True,True,,True
2,,,,True,True,True,,,,,,,Err
2,,,,True,True,True,True,False,True,True,True,True,True
2,,,,True,True,True,True,False,False,True,True,True,True
2,,,,True,True,True,False,False,,,,,False
2,,,,True,True,True,,,,,,,False
2,,,,False,False,False,False,Err,False,False,False,False,False
2,,,,False,False,False,,,,,,,Err
2,,,,True,True,True,True,False,False,True,True,True,True
2,,,,False,False,False,False,False,False,False,False,False,False
2,,,,,True,True,True,False,False,True,True,True,True
2,,,,,True,True,True,False,False,True,True,Err,False
2,,,,,,,,,,,,,Err
2,,,,,,,False,Err,,,,,False
2,,,,,,,True,False,,,,,False
2,,,,,,,False,False,False,,,,False
2,,,,,,,True,False,,,,,False
2,,,,,,,False,False,,,,,False
2,,,,,,,,,,,,,Err
2,,,,,,,False,False,,,,,False
2,,,,,,,True,False,False,,,,Err
2,,,,,,,True,Err,False,False,True,,Err
2,,,,,,,,,,,,,Err
2,,,,,,,True,Err,False,True,False,False,Err
2,,,,,,,False,False,,,,,Err
2,,,,,,,,,,,,,
2,,,,,,,True,False,False,True,True,,Err
2,,,,,,,False,False,,,,,Err
2,,,,,,,True,False,False,True,True,,Err
2,,,,,,,False,False,False,True,True,,Err
2,,,,,,,True,False,False,True,True,False,Err
2,,,,,,,Err,False,False,True,Err,True,Err
2,,,,,,,False,True,False,False,False,True,Err
2,,,,,,,Err,False,False,True,True,True,
2,,,,,,,,,False,True,True,True,
2,,,,,,,,,,False,False,True,
2,,,,,,,,,,,True,True,
2,,,,,,,,,,,True,True,
2,,,,,,,,,,,False,False,
2,,,,,,,,,,,False,True,
2,,,,,,,,,,,True,True,
2,,,,,,,,,,,True,True,
2,,,,,,,,,,,True,True,
2,,,,,,,,,,,True,True,
2,,,,,,,,,,,False,False,
2,,,,,,,,,,,,True,
2,,,,,,,,,,,,True,
2,,,,,,,,,,,,True,
2,,,,,,,,,,,,True,
3,False,False,False,False,False,False,False,False,,,,,False
3,False,True,Err,True,True,True,True,False,False,,,,True
3,False,,,,,,,,,,,,
3,Err,True,Err,False,True,True,,,,,,,Err
3,False,False,False,False,False,False,,,,,,,Err
3,False,False,True,True,True,False,False,Err,,,,,False
3,False,False,True,False,False,True,,,,,,,Err
3,False,False,False,False,False,False,,,,,,,Err
3,False,False,False,True,False,False,,,,,,,Err
3,Err,False,True,False,False,True,,,,,,,Err
3,False,False,,,,,,,,,,,
3,False,False,Err,False,False,False,,,,,,,Err
3,Err,False,False,,,,,,,,,,
3,Err,False,False,,,,,,,,,,
3,False,False,True,,,,,,,,,,
3,False,False,False,False,False,False,,,,,,,Err
3,False,True,True,False,False,False,,,,,,,Err
3,False,,,,,,,,,,,,
3,False,True,True,,,,,,,,,,
3,False,False,False,,,,,,,,,,
3,False,False,False,False,False,False,False,False,,,,,False
3,False,False,True,True,False,True,,,,,,,
3,False,False,True,False,False,False,,,,,,,Err
3,False,False,,,,,,,,,,,
3,False,True,True,,,,,,,,,,
3,False,False,,,,,,,,,,,
3,False,False,,,,,,,,,,,
3,False,True,False,False,False,True,,,,,,,Err
3,False,False,True,True,True,False,,,,,,,Err
3,False,False,,,,,,,,,,,
3,False,False,False,False,,,,,,,,,
3,False,True,False,,,,,,,,,,
3,False,False,False,False,False,True,,,,,,,Err
3,False,False,False,,,,,,,,,,
3,True,True,True,Err,False,True,,,,,,,Err
3,False,False,True,False,False,False,,,,,,,Err
3,False,True,True,,,,,,,,,,
3,False,False,True,Err,False,False,,,,,,,Err
3,False,False,False,False,False,True,False,False,,,,,False
3,False,False,Err,False,False,False,False,False,,,,,False
3,False,Err,,,,,,,,,,,
3,Err,False,True,True,False,False,,,,,,,Err
3,False,False,True,Err,Err,Err,False,Err,False,,,,False
3,False,False,False,,,,,,,,,,
3,False,False,True,,,,,,,,,,
3,False,False,False,,,,,,,,,,
3,False,Err,True,False,False,False,True,False,False,,,,False
3,False,True,Err,True,True,True,,,,,,,Err
3,False,Err,True,False,False,False,,,,,,,Err
3,False,False,True,False,False,False,,,,,,,Err
3,False,False,True,False,False,False,False,False,False,,,,False
3,False,False,,,,,,,,,,,
3,False,False,True,,,,,,,,,,
3,False,Err,Err,,,,,,,,,,
3,False,False,True,,,,,,,,,,
3,False,,,,,,,,,,,,
3,False,False,True,False,False,False,False,False,,,,,False
3,False,,,,,,,,,,,,
3,False,False,,,,,,,,,,,
3,False,False,True,True,False,True,,,,,,,Err
3,False,False,True,,,,,,,,,,
3,False,True,True,False,True,False,False,False,,,,,False
3,True,False,True,,,,,,,,,,
3,False,False,True,False,False,False,,,,,,,Err
3,False,Err,True,,,,,,,,,,
3,False,True,True,,,,,,,,,,
3,False,False,Err,True,False,False,True,False,False,False,False,Err,False
3,False,True,True,True,False,Err,,,,,,,Err
3,False,False,True,False,False,False,False,False,False,False,False,False,False
3,False,True,True,,,,,,,,,,
3,False,False,,,,,,,,,,,
3,False,True,True,True,False,False,,,,,,,Err
3,False,True,Err,False,False,False,,,,,,,Err
3,False,False,True,False,False,False,False,False,,,,,False
3,False,True,True,,,,,,,,,,
3,False,True,True,,,,,,,,,,
3,False,False,True,False,True,Err,False,Err,,,,,False
3,False,False,True,False,False,False,,,,,,,Err
3,False,True,True,,,,,,,,,,
3,False,False,,,,,,,,,,,
3,Err,False,True,True,False,True,False,False,False,,,,False
3,False,False,True,True,False,False,,,,,,,Err
3,False,False,True,True,False,False,,,,,,,Err
3,False,False,True,,,,,,,,,,
3,False,False,True,,,,,,,,,,
3,False,False,,,,,,,,,,,
3,False,False,True,,,,,,,,,,
3,False,True,False,,,,,,,,,,
3,False,True,Err,,,,,,,,,,
3,False,False,True,False,False,False,False,True,False,False,,,False
3,True,False,,,,,,,,,,,
3,False,True,Err,False,False,True,True,False,False,False,False,False,False
3,False,True,True,False,True,False,False,False,,,,,False
3,False,True,True,False,False,False,,,,,,,Err
3,False,True,Err,True,False,True,True,False,False,False,False,False,False
3,False,False,Err,False,False,False,,,,,,,Err
3,False,True,True,False,False,False,True,False,False,False,,,False
3,False,False,,,,,,,,,,,
3,False,False,,,,,,,,,,,
3,False,Err,True,,,,,,,,,,
3,False,True,True,True,True,False,,,,,,,Err
3,Err,True,Err,False,False,False,,,,,,,Err
3,False,True,True,,,,,,,,,,
3,False,True,True,False,False,True,True,True,False,True,,,False
3,Err,True,True,True,False,False,False,False,,,,,False
3,False,True,True,,,,,,,,,,
3,False,True,True,False,False,True,False,False,,,,,False
3,False,True,True,False,True,False,,,,,,,Err
3,True,,,,,,,,,,,,
3,Err,Err,True,False,False,False,,,,,,,Err
3,False,False,True,True,True,True,False,False,,,,,False
3,False,True,True,,,,,,,,,,
3,False,True,True,True,True,True,,,,,,,Err
3,False,False,,,,,,,,,,,
3,False,True,True,False,False,True,True,False,False,False,False,False,False
3,False,True,True,True,False,True,,,,,,,Err
3,Err,True,True,,,,,,,,,,
3,False,True,,,,,,,,,,,
3,False,True,True,True,True,True,Err,False,False,,,,False
3,False,True,True,,,,,,,,,,
3,False,True,True,True,False,True,,,,,,,Err
3,False,False,,,,,,,,,,,
3,False,True,True,,,,,,,,,,
3,False,Err,,,,,,,,,,,
3,False,True,,,,,,,,,,,
3,False,True,Err,False,False,True,True,,,,,,False
3,False,True,True,True,False,True,,,,,,,Err
3,False,True,,,,,,,,,,,
3,False,True,True,True,False,True,False,False,False,,,,False
3,False,True,Err,True,False,False,,,,,,,Err
3,False,,,,,,,,,,,,
3,True,True,,,,,,,,,,,
3,False,False,,,,,,,,,,,
3,False,False,True,,,,,,,,,,
3,False,True,True,True,False,True,,,,,,,Err
3,False,True,False,,,,,,,,,,
3,False,True,True,,,,,,,,,,
3,False,True,True,False,False,False,,,,,,,Err
3,False,False,False,,,,,,,,,,
3,False,,,,,,,,,,,,
3,False,True,,,,,,,,,,,
3,False,True,True,True,True,False,,,,,,,Err
3,False,True,True,True,False,False,False,False,False,,,,False
3,False,True,True,True,True,True,,,,,,,Err
3,False,False,,,,,,,,,,,
3,False,True,True,False,True,True,False,False,False,False,False,False,False
3,False,True,True,True,True,False,,,,,,,Err
3,False,,,,,,,,,,,,
3,False,True,Err,True,True,True,True,False,True,,,,False
3,Err,True,True,False,False,True,,,,,,,Err
3,False,False,,,,,,,,,,,
3,False,False,True,True,,,,,,,,,
3,False,True,True,True,True,False,,,,,,,
3,Err,False,True,,,,,,,,,,
3,False,True,True,True,True,Err,,,,,,,Err
3,False,True,,,,,,,,,,,
3,False,True,True,,,,,,,,,,
3,False,True,True,False,True,True,,,,,,,Err
3,False,True,,,,,,,,,,,
3,False,True,True,,,,,,,,,,
3,False,True,True,,,,,,,,,,
3,False,True,True,True,False,True,True,False,False,False,False,True,True
3,False,,,,,,,,,,,,
3,False,True,True,,,,,,,,,,
3,False,True,True,True,False,True,False,False,,,,,False
3,False,True,True,True,False,True,,,,,,,Err
3,False,True,True,True,True,True,True,False,False,True,,,True
3,False,Err,True,False,False,False,,,,,,,Err
3,True,Err,True,True,False,True,,,,,,,Err
3,False,True,Err,True,True,True,,,,,,,Err
3,Err,True,Err,True,True,True,,,,,,,Err
3,False,False,True,,,,,,,,,,
3,False,True,,,,,,,,,,,
3,False,True,True,True,False,True,,,,,,,Err
3,False,False,True,True,True,False,,,,,,,Err
3,False,True,True,False,False,True,False,False,False,False,False,,False
3,False,True,True,,,,,,,,,,
3,False,True,True,,,,,,,,,,
3,False,False,True,True,False,True,False,False,,,,,False
3,False,False,False,False,False,False,False,False,False,,,,False
3,Err,True,True,False,True,True,Err,Err,,,,,False
3,False,True,True,,,,,,,,,,
3,False,True,Err,True,True,True,,,,,,,
3,False,True,True,True,False,True,,,,,,,Err
3,False,True,True,True,True,True,,,,,,,Err
3,False,True,True,False,False,Err,False,False,False,,,,True
3,False,True,True,True,False,Err,True,False,False,False,Err,True,True
3,Err,,,,,,,,,,,,
3,False,True,True,True,True,True,,,,,,,Err
3,False,True,Err,,,,,,,,,,
3,False,,,,,,,,,,,,
3,True,True,True,True,True,True,,,,,,,Err
3,False,True,Err,True,False,False,True,False,False,,,,True
3,False,True,True,True,True,True,False,False,,,,,True
3,False,True,True,True,False,False,,,,,,,Err
3,False,True,True,True,True,True,,,,,,,Err
3,Err,True,True,True,True,True,,,,,,,Err
3,False,True,True,,,,,,,,,,
3,False,True,True,True,True,True,True,False,,,,,True
3,False,True,True,False,True,True,True,False,False,False,False,True,False
3,False,True,True,False,False,True,,,,,,,Err
3,Err,True,True,True,True,True,True,False,False,True,True,True,True
3,False,True,True,True,True,True,True,False,False,True,True,True,True
3,False,True,True,,,,,,,,,,
3,False,True,True,True,True,True,,,,,,,Err
3,False,True,True,,,,,,,,,,
3,False,True,True,False,True,True,True,False,,,,,True
3,Err,True,True,,,,,,,,,,
3,False,True,True,True,Err,True,False,False,,,,,False
3,Err,True,True,True,True,True,True,False,False,True,,,True
3,False,True,Err,False,True,True,True,False,False,False,,,False
3,False,True,True,True,True,True,,,,,,,Err
3,False,Err,,,,,,,,,,,
3,False,True,True,,,,,,,,,,
3,Err,True,True,,,,,,,,,,
3,False,True,True,,,,,,,,,,
3,False,True,True,True,False,True,,,,,,,False
3,False,True,Err,True,False,True,True,False,False,,,,True
3,False,True,True,,,,,,,,,,
3,False,False,True,True,True,True,False,False,,,,,False
3,False,True,,,,,,,,,,,
3,True,True,Err,False,True,True,,,,,,,Err
3,False,Err,True,,,,,,,,,,
3,False,True,True,,,,,,,,,,
3,False,True,True,True,True,True,,,,,,,Err
3,False,True,Err,,,,,,,,,,
3,False,True,True,,,,,,,,,,
3,False,True,True,True,True,True,True,False,False,,,,True
3,False,True,True,True,True,True,,,,,,,Err
3,False,False,,,,,,,,,,,
3,False,True,True,Err,False,True,True,False,False,False,,,True
3,Err,True,True,True,True,True,,,,,,,Err
3,False,True,,,,,,,,,,,
3,True,True,True,,,,,,,,,,
3,False,True,True,True,False,True,True,False,False,False,True,True,False
3,False,True,True,True,False,True,True,False,False,False,True,True,False
3,False,Err,True,True,True,True,,,,,,,Err
3,False,True,True,False,True,True,,,,,,,Err
3,False,True,True,True,True,True,False,Err,False,True,False,,True
3,False,True,True,True,True,True,,,,,,,Err
3,False,True,True,True,True,True,,,,,,,Err
3,False,True,True,True,True,True,False,Err,,,,,True
3,False,,,,,,,,,,,,
3,False,True,True,True,True,True,,,,,,,Err
3,False,True,True,True,True,True,True,False,False,True,,,False
3,False,True,,,,,,,,,,,
3,False,True,,,,,,,,,,,
3,False,False,True,,,,,,,,,,
3,False,True,True,True,True,True,,,,,,,Err
3,False,True,Err,True,True,True,True,False,False,,,,True
3,False,True,True,True,True,True,True,False,False,True,,,True
3,True,Err,True,True,True,True,,,,,,,Err
3,True,True,True,True,True,True,True,False,,,,,True
3,Err,True,,,,,,,,,,,
3,False,True,True,True,True,True,True,False,False,True,,,False
3,False,True,,,,,,,,,,,
3,False,True,True,True,True,True,Err,False,False,True,True,,True
3,True,True,True,,,,,,,,,,
3,False,True,True,True,False,True,,,,,,,Err
3,False,True,,,,,,,,,,,
3,Err,True,,,,,,,,,,,
3,False,True,True,True,True,True,Err,False,False,True,True,True,True
3,False,True,True,True,True,True,True,False,False,True,True,,True
3,False,True,True,True,False,True,True,False,False,True,True,True,True
3,False,True,,,,,,,,,,,
3,False,True,,,,,,,,,,,
3,False,True,Err,True,False,True,,,,,,,Err
3,False,True,True,False,True,False,True,,,,,,False
3,False,Err,Err,True,True,True,,,,,,,Err
3,Err,True,True,True,True,True,,,,,,,False
3,False,True,Err,True,True,True,True,False,False,True,True,,True
3,False,True,True,False,False,,,,,,,,
3,False,True,Err,True,True,True,,,,,,,Err
3,False,Err,Err,True,True,True,,,,,,,
3,Err,True,True,False,True,True,,,,,,,Err
3,Err,True,True,True,False,True,True,False,,,,,False
3,False,True,True,True,False,True,True,False,,,,,False
3,Err,True,True,True,True,True,Err,False,False,,,,False
3,False,True,True,True,True,True,,,,,,,Err
3,False,,,,,,,,,,,,
3,False,True,True,,,,,,,,,,
3,False,True,False,True,True,True,,,,,,,
3,False,True,True,True,True,True,True,False,True,True,True,True,False
3,False,True,True,True,True,Err,,,,,,,
3,False,True,True,True,,,,,,,,,
3,True,True,True,True,True,True,True,False,,,,,True
3,False,True,True,,,,,,,,,,
3,True,False,True,True,True,True,True,False,False,,,,False
3,False,True,True,True,True,True,True,False,False,True,True,True,True
3,False,True,True,,,,,,,,,,
3,False,True,,,,,,,,,,,
3,False,True,True,,,,,,,,,,
3,False,True,True,True,True,True,True,False,False,,,,True
3,False,Err,True,True,True,True,,,,,,,Err
3,False,True,True,,,,,,,,,,
3,False,True,True,True,,,,,,,,,
3,False,True,True,True,True,True,True,False,False,True,False,Err,True
3,False,True,True,True,Err,True,True,False,False,True,,,True
3,False,True,True,True,False,True,True,True,False,True,True,,True
3,True,True,True,True,True,False,,,,,,,Err
3,Err,True,Err,,,,,,,,,,
3,Err,Err,,,,,,,,,,,
3,False,True,True,True,True,True,True,False,False,True,,,True
3,False,True,True,,,,,,,,,,
3,False,True,True,True,True,True,False,False,,,,,True
3,Err,True,True,True,Err,True,True,False,False,True,True,,True
3,False,True,True,True,False,True,False,False,False,True,False,True,True
3,True,True,True,,,,,,,,,,
3,False,True,True,True,True,True,True,False,False,Err,False,,False
3,Err,True,Err,,,,,,,,,,
3,False,True,True,True,True,True,True,False,False,True,True,,True
3,False,True,True,True,True,True,True,False,,,,,True
3,False,False,True,True,True,True,True,False,False,,,,True
3,False,True,True,True,False,True,,,,,,,Err
3,False,True,Err,True,True,True,True,False,False,True,True,,True
3,False,True,True,True,True,True,True,False,False,True,False,,True
3,False,True,True,True,True,Err,,,,,,,Err
3,False,True,True,,,,,,,,,,
3,Err,True,True,,,,,,,,,,
3,False,True,True,,,,,,,,,,
3,False,True,True,,,,,,,,,,
3,False,True,True,True,True,True,False,False,False,True,,,True
3,False,True,True,True,False,True,Err,False,False,,,,True
3,False,True,,,,,,,,,,,
3,False,True,,,,,,,,,,,
3,False,False,True,True,True,True,True,False,True,True,True,True,True
3,False,True,,,,,,,,,,,
3,True,True,True,True,True,True,True,False,True,True,True,,True
3,False,True,Err,True,True,True,False,True,False,False,False,,True
3,True,True,True,Err,True,True,False,False,,,,,False
3,False,True,True,False,True,True,,,,,,,True
3,True,False,True,,,,,,,,,,
3,False,True,True,True,True,True,False,False,,,,,True
3,False,True,True,True,True,True,Err,False,False,,,,True
3,Err,True,True,True,True,True,True,False,False,True,True,True,True
3,False,,,,,,,,,,,,
3,False,True,,,,,,,,,,,
3,Err,True,True,True,True,True,True,False,False,,,,True
3,True,True,True,True,True,True,True,False,False,,,,True
3,False,True,Err,,,,,,,,,,
3,False,True,True,True,True,True,True,False,False,True,True,True,False
3,False,True,,,,,,,,,,,
3,False,True,True,True,,,,,,,,,
3,False,True,True,True,True,True,,,,,,,Err
3,False,True,True,,,,,,,,,,
3,False,True,True,True,True,True,,,,,,,Err
3,False,True,Err,True,True,True,True,False,False,True,True,True,True
3,False,True,True,True,False,True,True,False,False,True,,,True
3,False,True,True,,,,,,,,,,
3,False,True,True,True,True,True,,,,,,,Err
3,False,True,Err,,,,,,,,,,
3,False,True,True,,,,,,,,,,
3,False,True,Err,True,True,True,Err,False,False,True,True,,True
3,False,True,Err,True,True,True,,,,,,,Err
3,True,True,True,,,,,,,,,,
3,False,True,True,True,True,True,,,,,,,Err
3,False,True,True,True,True,True,False,False,,,,,False
3,False,True,Err,Err,True,True,,,,,,,
3,False,True,True,True,True,True,False,False,,,,,False
3,False,True,True,True,True,True,True,False,False,True,True,True,True
3,False,Err,Err,,,,,,,,,,
3,False,True,True,True,True,True,,,,,,,
3,False,True,True,False,True,True,True,False,,,,,False
3,False,True,True,True,True,True,True,False,False,,,,True
3,False,True,Err,True,True,True,True,False,False,True,False,True,True
3,True,True,Err,True,True,True,True,False,False,True,Err,True,False
3,False,True,True,True,True,True,,,,,,,Err
3,False,True,Err,True,True,True,True,False,False,True,True,True,True
3,False,True,True,True,True,True,True,False,False,True,True,,True
3,False,,,,,,,,,,,,
3,False,True,True,Err,True,True,True,False,False,True,Err,True,True
3,False,True,Err,True,True,True,True,False,False,True,False,True,True
3,False,True,True,True,True,True,True,False,False,True,True,,True
3,False,True,True,,,,,,,,,,
3,False,True,,,,,,,,,,,
3,False,True,True,True,True,True,True,False,False,,,,True
3,False,True,,,,,,,,,,,
3,False,False,True,True,Err,True,False,False,False,True,True,,True
3,False,False,True,True,False,True,True,False,False,True,True,True,True
3,False,Err,True,True,True,True,True,False,False,True,True,,True
3,False,True,True,,,,,,,,,,
3,False,True,True,,,,,,,,,,
3,True,True,True,True,True,True,,,,,,,
3,Err,False,,,,,,,,,,,
3,False,True,True,True,True,True,True,False,False,True,True,True,True
3,False,True,,,,,,,,,,,
3,True,True,True,True,True,True,True,False,,,,,True
3,False,True,,,,,,,,,,,
3,False,True,True,True,True,True,True,False,False,False,,,True
3,True,True,True,True,True,True,True,False,,,,,True
3,False,True,,,,,,,,,,,
3,True,True,True,,,,,,,,,,
3,False,True,True,True,True,True,,,,,,,
3,True,True,True,True,True,True,True,Err,False,True,,,True
3,True,True,True,True,True,True,True,False,True,True,,,True
3,False,True,True,True,True,True,False,False,,,,,False
3,False,True,True,True,True,True,True,False,False,True,True,,True
3,False,True,True,,,,,,,,,,
3,False,False,True,True,False,True,True,False,False,True,False,,True
3,False,True,True,True,True,True,True,Err,False,True,True,True,False
3,False,True,True,True,False,False,,,,,,,Err
3,False,True,True,True,True,True,False,Err,,,,,True
3,False,True,True,True,True,True,True,False,False,,,,True
3,True,True,Err,True,True,True,True,False,False,True,True,True,True
3,True,True,True,,,,,,,,,,
3,True,True,True,True,True,True,True,False,False,True,True,,True
3,False,True,Err,,,,,,,,,,
3,False,Err,True,True,True,True,Err,False,True,,,,True
3,False,True,Err,,,,,,,,,,
3,False,True,True,True,True,False,True,False,False,True,True,True,True
3,False,True,True,Err,True,True,True,False,True,True,,,True
3,True,True,,,,,,,,,,,
3,False,True,True,True,True,True,,,,,,,
3,False,True,True,True,True,True,True,False,False,,,,True
3,False,True,True,True,True,True,True,False,False,True,True,True,True
3,False,True,True,True,True,True,True,,,,,,True
3,False,True,Err,True,True,True,Err,False,False,True,True,True,True
3,False,True,True,True,True,True,,,,,,,Err
3,False,True,Err,False,,,,,,,,,
3,False,True,Err,True,True,True,,,,,,,Err
3,Err,Err,Err,Err,False,True,,,,,,,
3,False,True,True,True,True,True,True,False,False,True,True,True,True
3,False,True,True,,,,,,,,,,
3,False,False,True,False,False,True,,,,,,,Err
3,False,True,,,,,,,,,,,
3,False,True,True,True,True,True,True,False,False,True,True,True,True
3,False,True,,,,,,,,,,,
3,False,True,True,,,,,,,,,,
3,False,True,True,True,True,True,,,,,,,
3,False,True,True,True,False,True,True,False,,,,,True
3,False,True,True,True,True,True,True,False,False,True,True,,True
3,False,True,True,True,True,True,False,False,False,True,True,,True
3,False,True,True,,,,,,,,,,
3,False,True,True,True,True,True,False,False,False,True,True,True,True
3,False,True,True,True,True,True,True,False,False,True,True,True,True
3,False,True,True,,,,,,,,,,
3,False,False,Err,True,True,True,,,,,,,Err
3,False,True,True,True,,,,,,,,,
3,False,False,,,,,,,,,,,
3,False,True,True,True,True,True,,,,,,,Err
3,False,True,True,True,False,True,True,False,True,,,,True
3,False,True,,,,,,,,,,,
3,False,True,,,,,,,,,,,
3,False,True,Err,,,,,,,,,,
3,False,True,Err,True,True,True,True,False,False,True,True,,True
3,False,True,True,True,True,True,True,False,True,,,,True
3,False,True,True,True,True,True,,,,,,,
3,True,True,True,,,,,,,,,,
3,False,True,True,True,True,True,True,False,False,,,,True
3,False,True,True,True,True,True,True,True,False,True,False,True,True
3,Err,True,True,True,False,Err,True,Err,False,,,,True
3,False,True,True,True,True,True,True,,,,,,True
3,False,True,True,True,False,True,True,False,False,,,,True
3,True,True,,,,,,,,,,,
3,True,True,Err,True,True,True,,,,,,,True
3,False,True,True,True,True,True,True,False,False,,,,True
3,False,True,True,True,False,True,True,False,False,True,True,True,True
3,False,Err,True,True,False,False,True,False,True,False,True,,True
3,False,True,Err,True,True,True,,,,,,,
3,False,True,,,,,,,,,,,
3,False,True,Err,True,True,True,True,True,False,True,True,,True
3,False,True,True,True,False,True,False,True,False,True,True,,True
3,False,True,True,True,True,True,True,False,False,True,,,True
3,True,True,True,True,True,True,True,False,False,True,False,,True
3,False,True,True,True,False,True,True,False,False,True,,,True
3,False,True,True,True,True,True,True,False,False,True,,,True
3,False,True,Err,True,True,True,True,False,False,,,,True
3,False,True,Err,True,True,True,True,False,False,True,,,True
3,False,True,Err,True,True,False,False,False,,,,,True
3,False,,,,,,,,,,,,
3,False,True,True,,,,,,,,,,
3,False,True,True,True,True,True,True,False,False,,,,True
3,False,True,True,,,,,,,,,,
3,False,True,True,True,True,True,,,,,,,Err
3,False,True,True,,,,,,,,,,
3,True,True,True,True,Err,True,True,True,False,True,False,True,True
3,False,True,Err,Err,True,True,,,,,,,Err
3,False,False,True,False,False,True,False,False,False,False,False,True,False
3,False,True,True,,,,,,,,,,
3,False,Err,True,,,,,,,,,,
3,False,True,True,,,,,,,,,,
3,False,True,True,,,,,,,,,,
3,False,True,True,True,False,True,,,,,,,
3,False,True,False,,,,,,,,,,
3,False,True,True,True,Err,Err,False,False,False,True,True,,True
3,False,True,False,True,True,True,True,False,False,True,True,True,True
3,False,True,True,True,True,True,,,,,,,
3,False,True,True,True,True,True,Err,False,False,True,False,,True
3,False,True,Err,,,,,,,,,,
3,False,True,,,,,,,,,,,
3,False,True,True,True,True,True,True,False,False,True,True,True,True
3,False,True,True,True,True,True,True,False,True,True,True,,True
3,False,False,True,,,,,,,,,,
3,False,True,True,True,True,True,,,,,,,
3,False,Err,Err,True,True,True,True,False,False,True,,,True
3,False,True,True,True,True,True,,,,,,,Err
3,False,True,True,True,True,True,True,False,False,True,False,True,True
3,False,Err,Err,True,True,True,,,,,,,
3,False,True,True,True,True,True,Err,Err,False,,,,True
3,False,True,True,True,True,True,,,,,,,Err
3,False,True,True,,,,,,,,,,
3,False,True,True,True,True,True,True,False,False,True,True,,True
3,False,True,True,True,True,True,True,False,False,,,,True
3,False,True,Err,True,True,True,,,,,,,Err
3,False,True,True,True,Err,True,True,False,False,True,,,True
3,False,True,True,True,True,True,False,False,,,,,False
3,False,True,True,,,,,,,,,,
3,False,Err,True,True,True,True,Err,False,False,False,,,True
3,Err,True,True,True,False,True,,,,,,,Err
3,False,True,Err,False,False,False,,,,,,,
3,False,Err,True,True,True,True,True,False,False,True,,,True
3,Err,True,True,,,,,,,,,,
3,False,False,False,,,,,,,,,,
3,False,True,True,,,,,,,,,,
3,False,True,Err,,,,,,,,,,
3,,True,Err,True,True,True,True,False,False,True,,,True
3,,Err,,,,,,,,,,,
3,,True,True,True,True,True,,,,,,,Err
3,,Err,Err,Err,True,True,,,,,,,Err
3,,False,False,False,False,,,,,,,,
3,,True,True,,,,,,,,,,
3,,True,True,True,True,True,,,,,,,Err
3,,True,True,True,False,False,False,,,,,,False
3,,Err,True,True,False,True,,,,,,,
3,,True,Err,True,True,True,True,False,False,True,True,True,True
3,,Err,True,True,True,True,True,False,False,True,True,,True
3,,True,Err,True,False,True,True,False,False,True,,,True
3,,True,True,,,,,,,,,,
3,,True,True,False,True,True,True,False,,,,,True
3,,True,True,True,True,True,True,False,False,,,,False
3,,True,Err,True,True,True,,,,,,,False
3,,True,True,True,True,Err,,,,,,,Err
3,,True,True,True,True,True,,,,,,,False
3,,True,True,,,,,,,,,,
3,,False,True,True,Err,False,,,,,,,Err
3,,True,Err,,,,,,,,,,
3,,True,Err,True,True,True,,,,,,,Err
3,,Err,False,False,False,True,,,,,,,Err
3,,True,True,,,,,,,,,,
3,,True,True,True,True,True,,,,,,,Err
3,,True,True,,,,,,,,,,
3,,True,Err,True,,,,,,,,,
3,,False,False,False,False,False,,,,,,,Err
3,,True,True,True,False,True,False,False,False,,,,False
3,,Err,True,Err,True,True,True,True,False,,,,True
3,,True,True,True,True,True,,,,,,,
3,,True,True,True,True,True,,,,,,,Err
3,,False,True,,,,,,,,,,
3,,Err,,,,,,,,,,,
3,,True,True,,,,,,,,,,
3,,True,True,True,True,True,True,False,False,,,,True
3,,True,True,True,Err,False,True,False,False,,,,True
3,,True,Err,True,True,True,,,,,,,Err
3,,False,True,True,True,True,,,,,,,
3,,True,True,True,True,True,,,,,,,Err
3,,True,True,True,True,True,,,,,,,Err
3,,True,True,True,True,True,True,False,False,True,True,,False
3,,True,Err,True,True,True,,,,,,,False
3,,Err,True,True,True,True,True,False,False,True,True,False,True
3,,False,True,False,False,False,True,False,False,,,,False
3,,True,Err,True,False,True,,,,,,,Err
3,,True,True,,,,,,,,,,
3,,,True,True,True,True,True,False,False,,,,True
3,,,True,True,True,True,,,,,,,False
3,,,True,True,True,True,,,,,,,False
3,,,True,,,,,,,,,,
3,,,Err,True,True,True,False,False,False,,,,False
3,,,True,True,False,True,False,False,,,,,False
3,,,True,True,True,True,,,,,,,Err
3,,,True,True,True,True,False,False,False,,,,False
3,,,True,Err,True,True,True,False,True,True,True,True,True
3,,,True,True,False,True,True,False,False,,,,False
3,,,Err,True,False,Err,,,,,,,Err
3,,,True,True,True,True,True,Err,False,True,True,True,True
3,,,Err,True,True,True,True,False,Err,True,True,True,True
3,,,True,Err,True,True,,,,,,,
3,,,True,True,True,True,True,False,False,True,True,,True
3,,,True,True,True,True,,,,,,,Err
3,,,True,True,True,True,True,False,False,,,,True
3,,,True,True,True,True,,,,,,,Err
3,,,False,False,False,False,,,,,,,Err
3,,,True,True,True,True,True,False,False,True,True,True,True
3,,,True,False,False,False,False,False,False,False,False,,False
3,,,False,Err,True,True,,,,,,,Err
3,,,False,True,Err,Err,True,False,False,False,,,False
3,,,True,True,True,True,,,,,,,Err
3,,,True,True,False,True,,,,,,,Err
3,,,True,True,Err,True,False,,,,,,True
3,,,True,Err,Err,False,True,Err,False,True,True,,True
3,,,True,True,True,True,True,False,False,True,,,True
3,,,True,True,False,False,False,False,,,,,False
3,,,Err,True,True,False,False,False,False,True,True,True,False
3,,,True,True,True,True,,,,,,,Err
3,,,True,True,True,True,False,Err,,,,,False
3,,,Err,True,True,True,Err,False,False,False,True,True,True
3,,,True,True,True,True,,,,,,,
3,,,Err,True,True,True,True,True,False,Err,Err,Err,False
3,,,True,True,Err,True,,,,,,,
3,,,True,True,False,True,,,,,,,
3,,,True,True,True,True,,,,,,,Err
3,,,Err,True,True,True,,,,,,,False
3,,,True,,,,,,,,,,
3,,,True,True,True,True,,,,,,,Err
3,,,False,,,,,,,,,,
3,,,True,True,True,True,,,,,,,False
3,,,True,False,False,True,,,,,,,Err
3,,,True,True,True,True,,,,,,,Err
3,,,True,False,True,True,False,False,False,False,False,,False
3,,,True,True,True,True,True,False,False,True,True,True,True
3,,,True,Err,True,True,,,,,,,Err
3,,,True,True,True,True,,,,,,,Err
3,,,Err,True,True,True,,,,,,,Err
3,,,True,True,True,True,False,False,False,True,True,True,True
3,,,True,True,True,True,,,,,,,
3,,,True,True,True,True,,,,,,,
3,,,True,True,True,True,,,,,,,Err
3,,,,True,True,True,True,False,False,True,True,True,False
3,,,,True,True,True,,,,,,,Err
3,,,,True,Err,False,False,Err,,,,,False
3,,,,True,True,True,True,False,False,True,True,True,True
3,,,,True,True,True,True,False,True,True,,,True
3,,,,False,False,True,False,False,False,True,True,True,True
3,,,,True,True,True,True,False,False,True,True,,True
3,,,,True,True,True,,,,,,,False
3,,,,True,False,True,,,,,,,Err
3,,,,Err,Err,Err,Err,Err,Err,Err,True,True,True
3,,,,False,False,False,False,Err,,,,,False
3,,,,True,True,True,False,True,,,,,False
3,,,,True,True,True,,,,,,,Err
3,,,,True,True,True,True,Err,False,True,True,True,True
3,,,,True,False,True,False,False,,,,,True
3,,,,True,False,True,,,,,,,Err
3,,,,False,False,Err,,,,,,,Err
3,,,,True,True,True,,,,,,,Err
3,,,,True,True,True,True,False,False,True,True,True,False
3,,,,True,True,True,True,False,False,True,True,True,False
3,,,,True,False,True,,,,,,,Err
3,,,,True,False,True,,,,,,,Err
3,,,,True,True,True,,,,,,,Err
3,,,,True,True,True,True,False,False,True,True,True,True
3,,,,True,True,True,,,,,,,Err
3,,,,True,True,True,,,,,,,Err
3,,,,False,False,False,False,False,False,False,False,,False
3,,,,True,True,True,True,False,False,,,,True
3,,,,True,False,False,,,,,,,Err
3,,,,True,True,True,True,False,False,True,False,True,False
3,,,,True,True,True,True,False,True,True,True,True,True
3,,,,False,False,False,False,False,,,,,False
3,,,,False,False,False,False,False,,,,,False
3,,,,False,False,False,,,,,,,Err
3,,,,True,True,True,,,,,,,Err
3,,,,True,True,True,,,,,,,False
3,,,,True,False,True,False,False,False,False,False,,False
3,,,,True,False,True,False,False,,,,,False
3,,,,True,True,True,True,False,False,False,,,False
3,,,,False,False,False,,,,,,,Err
3,,,,True,True,True,True,False,False,True,,,True
3,,,,True,True,True,True,False,False,True,True,True,True
3,,,,True,True,True,True,False,False,True,True,True,False
3,,,,True,True,True,False,False,False,False,True,True,False
3,,,,True,False,True,True,False,False,,,,False
3,,,,True,False,True,True,False,False,True,,,True
3,,,,True,True,True,True,False,False,True,True,True,True
3,,,,False,False,False,False,False,,,,,False
3,,,,False,False,False,False,False,,,,,False
3,,,,True,False,True,,,,,,,False
3,,,,True,True,True,,,,,,,Err
3,,,,True,Err,True,,,,,,,Err
3,,,,True,False,True,False,False,False,True,True,True,False
3,,,,True,True,True,True,False,False,,,,False
3,,,,True,True,True,True,False,False,True,True,True,True
3,,,,True,True,True,True,False,False,False,True,True,True
3,,,,False,False,False,,,,,,,Err
3,,,,Err,True,True,True,False,False,True,True,True,False
3,,,,True,False,True,True,False,False,,,,False
3,,,,False,Err,False,,,,,,,Err
3,,,,True,True,True,True,False,False,True,True,True,True
3,,,,True,True,True,Err,False,False,True,True,True,True
3,,,,True,True,True,,,,,,,False
3,,,,True,True,True,,,,,,,
3,,,,True,True,True,False,False,,,,,False
3,,,,True,False,Err,,,,,,,Err
3,,,,True,True,True,True,False,False,False,False,True,True
3,,,,True,True,True,Err,False,False,False,False,True,True
3,,,,False,False,False,True,False,False,,,,False
3,,,,True,True,False,,,,,,,False
3,,,,False,False,False,False,False,,,,,False
3,,,,True,True,Err,False,False,False,True,True,True,True
3,,,,True,True,True,True,False,False,,,,True
3,,,,True,False,True,True,False,False,True,True,True,True
3,,,,False,False,False,False,False,Err,True,False,True,False
3,,,,False,False,False,False,False,False,False,False,False,False
3,,,,True,False,True,True,False,False,True,True,True,True
3,,,,True,True,True,True,False,False,True,True,True,True
3,,,,False,False,False,False,False,,,,,False
3,,,,True,Err,Err,True,False,False,True,True,True,True
3,,,,True,True,True,True,False,False,True,True,Err,False
3,,,,True,True,True,,,,,,,False
3,,,,True,False,True,,,,,,,False
3,,,,False,False,False,True,False,False,True,False,True,False
3,,,,True,True,True,,,,,,,False
3,,,,True,False,True,False,False,False,True,True,True,False
3,,,,False,False,False,False,False,False,,,,False
3,,,,False,False,True,False,False,,,,,False
3,,,,True,True,Err,,,,,,,Err
3,,,,True,True,True,True,False,False,True,True,True,True
3,,,,True,True,True,,,,,,,False
3,,,,True,True,True,,,,,,,False
3,,,,True,True,True,False,False,,,,,False
3,,,,False,False,True,False,False,False,True,,,False
3,,,,False,False,False,,,,,,,Err
3,,,,True,False,True,True,False,False,True,,,True
3,,,,True,True,Err,,,,,,,False
3,,,,True,True,True,Err,True,False,True,True,True,True
3,,,,True,True,True,False,False,False,True,True,,True
3,,,,True,True,True,True,False,False,,,,True
3,,,,True,True,True,True,False,False,True,True,True,True
3,,,,True,True,Err,True,False,False,True,True,True,True
3,,,,True,False,True,True,False,False,True,True,,True
3,,,,,True,True,,,,,,,Err
3,,,,,True,True,,,,,,,Err
3,,,,,True,True,True,Err,False,True,True,Err,True
3,,,,,False,True,True,False,False,True,False,False,False
3,,,,,Err,True,False,False,False,False,True,True,True
3,,,,,Err,Err,True,False,False,True,False,True,True
3,,,,,False,False,,,,,,,Err
3,,,,,False,False,True,Err,False,False,True,,False
3,,,,,True,True,False,False,False,True,True,True,True
3,,,,,False,True,False,False,False,False,False,True,False
3,,,,,False,True,True,False,False,True,False,True,False
3,,,,,,True,True,True,False,True,True,,True
3,,,,,,False,,,,,,,False
3,,,,,,,,,,,,,Err
3,,,,,,,True,False,False,True,True,True,True
3,,,,,,,True,False,False,True,True,,False
3,,,,,,,True,False,False,False,False,False,False
3,,,,,,,True,False,False,True,,,False
3,,,,,,,True,False,False,False,False,,False
3,,,,,,,,,,,,,False
3,,,,,,,False,False,Err,True,True,True,True
3,,,,,,,,,,,,,Err
3,,,,,,,,,,,,,Err
3,,,,,,,,,,,,,Err
3,,,,,,,,,,,,,Err
3,,,,,,,,,,,,,Err
3,,,,,,,,,,,,,Err
3,,,,,,,False,False,False,True,False,False,False
3,,,,,,,True,False,False,True,False,False,False
3,,,,,,,False,False,,,,,False
3,,,,,,,True,False,False,False,False,True,False
3,,,,,,,,,,,,,Err
3,,,,,,,,,,,,,Err
3,,,,,,,True,False,False,False,False,False,Err
3,,,,,,,Err,False,False,True,Err,Err,Err
3,,,,,,,False,False,,,,,Err
3,,,,,,,False,False,,,,,Err
3,,,,,,,,,,,,,Err
3,,,,,,,True,False,Err,True,Err,True,Err
3,,,,,,,False,False,False,,,,Err
3,,,,,,,True,False,False,True,True,,Err
3,,,,,,,True,False,False,True,True,,Err
3,,,,,,,Err,Err,False,,,,Err
3,,,,,,,True,False,False,True,True,,Err
3,,,,,,,,,,,,,Err
3,,,,,,,True,False,False,False,True,,Err
3,,,,,,,,,,,,,Err
3,,,,,,,False,False,,,,,Err
3,,,,,,,True,False,False,,,,Err
3,,,,,,,True,False,False,,,,Err
3,,,,,,,,,,,,,Err
3,,,,,,,True,False,False,True,True,True,Err
3,,,,,,,True,False,False,True,,,Err
3,,,,,,,Err,False,False,True,Err,,Err
3,,,,,,,,,,,,,Err
3,,,,,,,False,True,False,False,False,,Err
3,,,,,,,True,False,False,,,,Err
3,,,,,,,False,False,False,False,,,Err
3,,,,,,,True,False,False,True,True,True,Err
3,,,,,,,False,False,,,,,Err
3,,,,,,,,,,,,,Err
3,,,,,,,,,,,,,Err
3,,,,,,,True,False,False,True,True,True,Err
3,,,,,,,True,False,False,True,True,,Err
3,,,,,,,True,False,False,True,Err,True,Err
3,,,,,,,True,False,False,True,False,,Err
3,,,,,,,False,False,False,False,False,False,Err
3,,,,,,,False,False,False,False,False,True,Err
3,,,,,,,False,False,,,,,Err
3,,,,,,,True,False,False,False,False,True,Err
3,,,,,,,True,False,False,True,Err,True,Err
3,,,,,,,True,False,False,,,,Err
3,,,,,,,False,True,False,False,False,False,Err
3,,,,,,,False,False,False,False,False,False,Err
3,,,,,,,True,False,False,False,Err,True,Err
3,,,,,,,Err,False,False,False,,,Err
3,,,,,,,True,Err,False,True,True,True,Err
3,,,,,,,True,False,False,True,True,True,Err
3,,,,,,,True,False,False,True,True,True,Err
3,,,,,,,True,False,False,True,True,True,Err
3,,,,,,,True,True,True,True,True,True,Err
3,,,,,,,,,,,,,Err
3,,,,,,,,,,,,,Err
3,,,,,,,Err,False,False,Err,True,True,Err
3,,,,,,,Err,False,False,True,True,Err,Err
3,,,,,,,True,False,True,True,False,True,Err
3,,,,,,,Err,False,False,True,False,,Err
3,,,,,,,False,False,False,False,False,True,Err
3,,,,,,,Err,Err,False,False,False,False,Err
3,,,,,,,True,False,False,True,False,Err,Err
3,,,,,,,True,False,False,,,,Err
3,,,,,,,False,Err,False,True,False,True,Err
3,,,,,,,True,False,False,True,True,True,Err
3,,,,,,,True,False,False,True,True,True,Err
3,,,,,,,False,False,False,True,False,True,Err
3,,,,,,,True,False,False,True,True,True,Err
3,,,,,,,True,False,False,False,False,True,Err
3,,,,,,,True,False,False,True,True,True,Err
3,,,,,,,Err,False,False,True,True,True,Err
3,,,,,,,True,False,False,False,False,True,Err
3,,,,,,,True,False,False,True,,,Err
3,,,,,,,False,False,False,False,False,True,Err
3,,,,,,,True,False,True,True,True,True,Err
3,,,,,,,True,False,False,True,True,True,Err
3,,,,,,,True,False,False,,,,Err
3,,,,,,,True,False,False,,,,Err
3,,,,,,,True,False,False,True,True,True,Err
3,,,,,,,Err,False,False,False,False,False,Err
3,,,,,,,True,False,False,True,True,True,Err
3,,,,,,,True,False,False,True,True,True,Err
3,,,,,,,True,False,False,True,True,True,
3,,,,,,,False,False,False,True,True,True,
3,,,,,,,True,False,False,True,True,True,
3,,,,,,,True,False,False,True,Err,True,
3,,,,,,,True,False,False,True,Err,True,
3,,,,,,,True,False,False,True,True,False,
3,,,,,,,True,False,False,True,True,True,
3,,,,,,,False,False,False,False,False,False,
3,,,,,,,False,False,False,True,True,True,
3,,,,,,,True,False,False,True,True,Err,
3,,,,,,,True,False,False,True,True,True,
3,,,,,,,,False,False,True,True,True,
3,,,,,,,,False,False,True,True,True,
3,,,,,,,,False,False,True,True,True,
3,,,,,,,,False,False,True,True,True,
3,,,,,,,,False,False,False,False,,
3,,,,,,,,,False,True,False,True,
3,,,,,,,,,False,True,True,True,
3,,,,,,,,,,Err,True,True,
3,,,,,,,,,,True,True,True,
3,,,,,,,,,,True,True,True,
3,,,,,,,,,,True,False,True,
3,,,,,,,,,,True,True,,
3,,,,,,,,,,True,True,True,
3,,,,,,,,,,False,False,False,
3,,,,,,,,,,True,True,True,
3,,,,,,,,,,True,True,Err,
3,,,,,,,,,,True,True,True,
3,,,,,,,,,,True,False,True,
3,,,,,,,,,,False,True,True,
3,,,,,,,,,,True,False,True,
3,,,,,,,,,,True,True,True,
3,,,,,,,,,,True,True,True,
3,,,,,,,,,,True,True,True,
3,,,,,,,,,,,True,True,
3,,,,,,,,,,,True,True,
3,,,,,,,,,,,True,True,
3,,,,,,,,,,,True,True,
3,,,,,,,,,,,True,True,
3,,,,,,,,,,,True,True,
3,,,,,,,,,,,True,True,
3,,,,,,,,,,,False,False,
3,,,,,,,,,,,False,True,
3,,,,,,,,,,,False,True,
3,,,,,,,,,,,True,True,
3,,,,,,,,,,,True,True,
3,,,,,,,,,,,False,False,
3,,,,,,,,,,,True,True,
3,,,,,,,,,,,True,True,
3,,,,,,,,,,,True,False,
3,,,,,,,,,,,False,False,
3,,,,,,,,,,,False,False,
3,,,,,,,,,,,True,True,
3,,,,,,,,,,,False,False,
3,,,,,,,,,,,False,True,
3,,,,,,,,,,,False,False,
3,,,,,,,,,,,True,True,
3,,,,,,,,,,,,True,
3,,,,,,,,,,,,True,
3,,,,,,,,,,,,True,
3,,,,,,,,,,,,True,
3,,,,,,,,,,,,True,
3,,,,,,,,,,,,True,
3,,,,,,,,,,,,True,
3,,,,,,,,,,,,True,
3,,,,,,,,,,,,True,
3,,,,,,,,,,,,True,
3,,,,,,,,,,,,True,
3,,,,,,,,,,,,True,
3,,,,,,,,,,,,True,
3,,,,,,,,,,,,False,
3,,,,,,,,,,,,True,
