,editing_1_25,editing_1_26,editing_1_27,editing_1_28,editing_1_29,editing_1_30,intron_2_16,editing_1_31,editing_1_32,editing_1_33,editing_1_34,editing_1_35,editing_1_36
0,0,0,0,1,1,0,0,0,0,0,0,0,0
1,0,1,0,1,1,1,0,0,0,0,0,0,1
2,0,0,0,0,0,0,0,0,0,0,0,0,0
3,0,1,0,1,0,0,0,1,0,0,0,0,1
4,0,0,1,1,0,0,0,0,0,0,0,0,0
5,0,0,0,0,0,1,0,0,0,0,0,0,1
6,0,0,0,0,0,0,0,0,0,0,1,0,1
7,0,1,1,1,1,1,0,1,0,0,1,0,1
8,0,1,0,0,1,1,1,1,0,0,1,0,1
9,0,1,1,1,0,1,1,0,0,0,1,1,1
10,0,1,1,1,1,1,1,1,0,0,1,1,1
11,0,1,1,1,1,1,1,1,0,0,1,0,0
12,1,1,1,1,1,1,1,1,0,0,1,1,1
13,1,0,0,1,1,1,1,0,0,0,1,1,1
14,0,1,1,1,0,1,0,1,0,0,1,1,1
15,0,1,1,1,1,1,1,1,0,0,1,1,1
16,0,1,1,1,1,1,1,1,0,0,1,1,1
17,0,1,1,1,1,1,1,0,0,0,1,1,1
18,1,1,1,1,1,1,1,1,0,0,1,1,1
19,0,1,1,1,0,1,1,1,0,0,1,1,1
20,0,1,1,1,1,1,1,1,0,0,1,0,1
21,0,1,1,1,1,1,1,1,0,0,1,1,1
22,0,1,1,1,1,1,1,1,0,1,1,0,1
23,0,1,1,1,1,1,1,0,0,0,1,1,1
24,0,1,1,1,0,0,1,1,0,0,1,1,1
25,0,1,1,1,0,1,1,1,0,0,1,1,1
26,0,1,1,1,1,1,1,1,0,0,1,1,1
27,0,1,1,1,1,1,1,1,0,0,1,1,1
28,1,1,1,1,1,1,1,1,0,0,1,1,1
29,0,1,1,0,1,1,1,1,0,1,1,1,1
30,0,1,1,1,1,1,1,1,0,0,1,1,1
31,0,1,1,1,1,1,1,1,0,0,1,1,1
32,0,1,1,1,1,1,1,1,0,0,1,1,1
33,0,1,1,1,1,1,1,1,0,0,0,1,1
34,0,1,1,1,1,0,1,1,0,0,1,0,1
35,0,0,0,1,1,1,1,1,0,0,1,1,1
36,0,1,1,1,1,1,1,1,0,0,1,1,0
37,0,1,1,1,1,1,1,1,0,0,1,1,1
38,0,1,0,1,0,1,1,1,0,0,1,0,1
39,0,1,1,1,1,1,1,1,0,1,1,1,1
40,1,1,1,1,1,1,1,1,0,0,1,1,1
41,1,1,1,1,1,1,1,1,0,0,1,1,1
42,0,1,1,1,1,1,1,1,0,0,1,1,1
43,0,1,1,1,0,1,1,1,0,0,1,0,1
44,0,1,1,1,1,1,1,1,0,0,1,1,1
45,1,1,1,1,1,1,1,1,0,0,1,1,1
46,1,1,0,1,1,1,1,1,0,0,1,1,1
47,1,1,0,1,1,1,1,0,0,0,1,1,1
48,0,1,1,1,1,0,1,1,0,0,1,1,1
49,0,1,1,1,1,1,1,1,0,0,1,1,1
50,0,1,0,1,1,1,1,0,0,0,1,1,1
51,0,1,1,1,1,1,1,1,0,1,1,1,1
52,0,0,0,0,0,1,0,0,0,0,0,0,0
53,0,1,1,1,1,1,0,1,0,0,1,1,1
54,0,1,0,1,1,1,1,1,0,0,1,1,1
55,0,1,1,1,1,1,1,1,0,0,1,1,1
56,0,1,1,1,1,1,1,0,0,0,1,1,1
57,0,1,1,1,1,1,0,1,0,0,1,1,1
58,0,1,1,1,1,1,1,1,0,0,1,1,1
59,0,1,1,1,1,1,1,0,0,0,1,1,1
60,0,1,1,1,0,1,0,1,0,0,0,0,1
61,0,0,1,1,1,1,1,1,0,0,1,1,1
62,0,1,1,1,1,1,1,1,0,0,1,1,1
63,0,1,1,1,1,1,1,1,0,0,1,1,1
64,0,1,1,1,0,1,1,1,0,0,1,1,1
65,0,0,1,1,1,1,1,1,0,0,1,1,1
66,0,0,0,1,1,1,1,0,0,0,1,1,1
67,0,0,1,1,1,1,1,1,0,0,1,1,0
68,0,0,1,1,1,0,1,0,0,1,1,0,1
69,0,0,0,0,0,0,1,0,0,0,1,1,1
70,0,0,0,1,0,0,0,1,0,0,0,0,0
71,0,0,1,0,0,0,0,0,0,0,0,0,0
72,0,1,0,0,0,1,0,1,0,0,0,0,0
73,0,1,0,1,0,1,0,1,0,0,0,0,0
74,0,1,1,0,0,1,0,1,0,0,0,0,0
75,0,1,1,0,1,1,0,0,0,0,0,0,0
76,0,1,1,1,0,1,1,1,0,0,0,0,1
77,0,1,1,1,0,0,1,1,0,0,0,0,1
78,0,1,1,0,1,1,0,1,0,0,0,0,1
79,0,1,1,1,1,1,1,1,0,0,1,1,1
80,0,1,1,1,1,1,1,1,0,0,1,1,1
81,0,1,1,1,0,1,0,1,0,0,0,1,1
82,0,1,1,1,0,1,0,1,0,0,0,1,1
83,0,1,1,1,1,1,1,0,0,0,1,1,1
84,0,1,1,1,0,1,1,1,0,0,1,1,1
85,0,1,1,1,1,1,0,1,0,1,1,1,1
86,0,1,1,1,1,1,1,1,0,0,1,1,1
87,0,1,1,1,1,1,1,1,0,0,1,0,0
88,0,1,1,1,0,1,1,0,0,0,1,0,1
89,0,0,1,1,1,1,1,1,0,1,1,1,1
90,0,1,1,1,1,1,1,1,0,0,1,1,1
91,0,1,1,1,1,1,0,1,0,0,1,1,1
92,0,1,0,1,1,1,1,1,0,0,1,1,1
93,0,1,1,1,1,1,1,1,0,0,1,1,1
94,0,1,0,1,1,1,1,1,0,0,1,0,1
95,1,1,0,1,1,1,0,1,0,0,1,0,1
96,0,1,0,1,1,1,1,1,0,0,1,1,1
97,0,1,1,0,1,1,1,1,0,0,1,0,1
98,0,1,0,1,1,1,1,1,0,0,1,0,1
99,0,0,1,1,0,1,1,1,0,0,1,1,1
100,0,1,1,1,1,1,1,1,0,0,1,1,1
101,0,1,1,1,1,1,0,1,0,0,1,1,1
102,1,1,0,1,1,1,1,1,0,0,1,1,1
103,0,1,1,1,1,0,1,1,0,0,1,1,1
104,0,1,1,1,1,1,1,1,0,0,1,1,1
105,0,1,0,1,1,1,1,0,0,0,1,1,1
106,0,1,1,1,1,1,1,1,0,0,1,1,1
107,0,1,1,1,1,1,1,1,0,0,1,1,1
108,0,1,1,1,1,1,1,0,0,0,1,1,1
109,0,1,1,1,1,1,1,1,0,0,1,1,1
110,0,1,1,1,1,1,1,1,1,0,1,0,1
111,0,1,1,1,0,1,1,1,0,0,1,1,1
112,1,1,1,1,0,1,1,1,1,0,1,0,1
113,0,0,1,0,0,1,0,0,0,0,0,0,1
114,0,1,0,1,1,1,1,1,0,0,1,1,1
115,0,1,1,1,1,1,1,1,0,0,1,1,1
116,0,1,1,1,1,1,1,1,0,0,1,0,1
117,0,1,0,1,1,1,1,1,0,0,1,0,NA
118,0,0,0,0,0,0,0,1,0,0,0,0,NA
119,0,0,0,0,0,0,0,1,0,0,0,0,NA
120,0,0,1,0,0,0,0,0,0,0,1,1,NA
121,0,1,1,1,1,1,1,1,0,0,1,1,NA
122,0,1,1,1,1,1,0,1,0,0,1,0,NA
123,0,1,0,1,1,1,0,1,0,0,1,1,NA
124,0,0,1,1,1,1,1,1,0,0,1,1,NA
125,0,1,1,1,1,1,1,0,0,0,1,1,NA
126,0,1,1,1,1,1,1,0,0,0,1,1,NA
127,1,1,1,1,1,1,1,1,0,0,1,1,NA
128,0,1,1,1,1,1,1,1,0,0,1,1,NA
129,0,1,0,1,1,1,1,1,0,0,1,0,NA
130,0,1,1,1,1,1,1,1,0,0,1,1,NA
131,0,1,1,1,1,1,1,1,0,0,1,1,NA
132,0,1,1,1,1,1,1,1,0,0,1,1,NA
133,0,1,1,1,1,1,1,1,0,0,1,1,NA
134,0,1,1,1,0,1,1,0,0,0,1,1,NA
135,0,1,0,1,1,1,1,1,0,0,1,1,NA
136,0,1,1,1,1,1,1,1,0,1,1,1,NA
137,0,0,1,1,1,1,1,0,0,0,1,1,NA
138,1,1,1,1,1,1,1,1,1,0,1,1,NA
139,0,1,1,1,1,1,1,1,0,0,1,0,NA
140,1,1,0,1,1,1,1,1,0,0,1,1,NA
141,0,0,0,1,1,1,1,1,0,0,1,0,NA
142,0,1,1,1,1,1,1,0,0,0,1,1,NA
143,0,0,0,0,1,1,1,1,0,0,1,1,NA
144,0,1,1,1,1,1,1,0,0,0,1,1,NA
145,0,1,1,1,1,1,1,1,0,0,1,1,NA
146,0,1,1,1,1,1,1,1,0,0,1,1,NA
147,1,1,1,0,1,1,1,1,0,0,1,1,NA
148,0,1,1,1,1,1,1,1,0,0,1,1,NA
149,0,1,0,1,1,1,1,1,0,1,0,1,NA
150,0,1,1,1,1,1,1,1,0,0,1,1,NA
151,1,1,1,1,1,1,1,1,0,0,1,1,NA
152,0,1,1,1,1,1,1,0,0,0,1,1,NA
153,1,0,1,1,1,1,1,0,0,0,1,1,NA
154,0,0,1,0,1,1,1,1,0,0,1,1,NA
155,0,1,1,1,1,1,1,0,0,0,1,1,NA
156,0,1,1,1,1,1,1,1,0,0,0,0,NA
157,0,1,1,0,0,0,0,0,0,0,0,0,NA
158,0,1,1,1,1,1,1,1,0,0,1,1,NA
159,0,1,1,1,1,1,1,0,0,0,1,1,NA
160,0,1,0,1,0,1,1,0,0,0,0,1,NA
161,0,1,0,1,1,1,1,1,0,0,1,0,NA
162,0,1,1,1,1,1,1,1,0,0,1,1,NA
163,0,1,1,1,1,1,1,0,1,0,1,1,NA
164,0,1,1,0,0,1,0,0,0,0,0,0,NA
165,0,1,1,1,1,1,1,0,0,0,1,0,NA
166,0,1,1,1,1,1,1,0,0,0,1,1,NA
167,0,1,1,1,1,1,1,1,0,0,1,1,NA
168,0,1,0,1,1,1,1,1,0,0,1,1,NA
169,0,1,1,1,0,1,1,1,1,0,1,1,NA
170,0,1,1,1,0,1,1,1,0,0,1,1,NA
171,0,1,1,1,1,1,0,1,0,0,0,0,NA
172,0,1,1,1,1,1,1,1,0,0,1,1,NA
173,0,1,0,1,1,1,1,1,0,0,1,1,NA
174,0,1,1,1,1,1,1,1,0,0,1,0,NA
175,1,1,1,1,1,1,1,1,0,1,1,1,NA
176,0,1,0,1,1,1,1,0,1,0,0,0,NA
177,0,1,0,1,1,1,1,0,0,0,1,1,NA
178,0,1,1,1,1,1,1,1,0,0,1,1,NA
179,0,1,1,1,1,1,1,1,0,0,1,1,NA
180,0,0,1,1,0,1,1,0,0,0,1,1,NA
181,0,0,1,1,1,1,1,1,0,0,1,1,NA
182,0,1,1,1,1,1,1,1,0,0,1,1,NA
183,0,0,1,1,0,1,1,1,0,0,1,0,NA
184,1,1,1,1,1,1,1,1,0,0,1,1,NA
185,0,1,1,1,1,1,1,1,0,0,1,1,NA
186,0,1,1,1,1,1,1,0,0,0,1,1,NA
187,0,1,0,1,1,1,1,1,0,0,1,1,NA
188,0,0,1,1,0,0,1,1,0,1,0,1,NA
189,0,1,0,1,1,1,1,1,1,0,1,1,NA
190,0,1,1,1,0,1,1,0,1,0,1,1,NA
191,1,1,1,1,1,1,1,1,0,0,1,0,NA
192,0,1,1,1,0,0,1,0,0,0,1,1,NA
193,0,1,1,1,1,1,1,0,0,0,1,0,NA
194,0,1,1,1,1,1,1,1,0,1,1,1,NA
195,0,1,1,1,1,1,1,1,0,0,1,1,NA
196,0,0,1,1,0,0,0,0,1,0,0,NA,NA
197,0,1,1,1,1,0,0,1,0,0,1,NA,NA
198,0,0,1,1,1,1,0,0,0,0,1,NA,NA
199,0,1,1,1,1,1,0,1,0,0,1,NA,NA
200,0,1,1,1,0,1,1,1,0,0,1,NA,NA
201,0,1,1,1,1,0,0,1,0,0,1,NA,NA
202,0,0,0,1,1,1,0,1,0,0,0,NA,NA
203,0,1,1,1,0,1,1,0,0,0,1,NA,NA
204,0,1,1,1,1,1,1,1,0,0,1,NA,NA
205,0,1,1,1,0,1,1,1,0,0,1,NA,NA
206,0,1,1,1,1,1,1,1,0,0,1,NA,NA
207,0,1,1,1,1,0,1,1,0,0,1,NA,NA
208,1,1,1,1,0,0,1,0,1,0,1,NA,NA
209,1,1,1,1,1,1,1,1,0,0,1,NA,NA
210,0,1,1,1,1,1,1,1,0,0,0,NA,NA
211,0,0,0,1,1,1,1,1,0,0,1,NA,NA
212,0,1,1,1,1,1,1,1,0,0,1,NA,NA
213,0,1,1,1,0,0,0,1,0,0,1,NA,NA
214,0,1,1,1,1,1,1,0,0,0,1,NA,NA
215,0,1,1,1,1,1,1,1,0,0,1,NA,NA
216,0,1,1,1,1,1,1,0,0,0,1,NA,NA
217,0,1,0,1,0,1,1,1,0,0,1,NA,NA
218,0,1,0,1,1,1,1,1,0,0,1,NA,NA
219,0,1,0,1,0,1,1,1,0,0,1,NA,NA
220,0,1,1,1,1,1,1,1,0,0,1,NA,NA
221,0,1,1,1,0,1,0,0,0,0,0,NA,NA
222,0,0,1,0,0,1,1,1,0,0,0,NA,NA
223,0,0,1,1,1,1,0,0,0,0,0,NA,NA
224,0,0,1,1,1,1,1,1,0,0,1,NA,NA
225,0,1,0,1,1,1,1,1,0,0,1,NA,NA
226,1,1,0,1,0,0,1,1,0,0,1,NA,NA
227,0,1,1,1,0,1,1,1,0,0,1,NA,NA
228,0,1,0,1,1,1,1,1,0,0,1,NA,NA
229,0,1,1,1,1,1,1,1,0,0,1,NA,NA
230,0,1,0,1,1,1,1,1,0,0,1,NA,NA
231,0,1,1,1,1,1,1,0,0,0,1,NA,NA
232,0,0,1,0,0,0,0,0,1,0,0,NA,NA
233,0,1,1,0,0,0,0,1,0,0,0,NA,NA
234,0,1,1,0,0,1,0,1,1,0,1,NA,NA
235,0,1,1,1,1,1,1,1,0,0,1,NA,NA
236,0,1,1,1,1,1,1,1,0,0,1,NA,NA
237,0,1,0,0,1,1,0,1,0,0,0,NA,NA
238,0,1,1,0,0,1,1,1,0,0,0,NA,NA
239,0,1,1,1,1,1,0,1,0,0,1,NA,NA
240,0,1,1,1,1,1,1,1,0,0,1,NA,NA
241,0,1,1,1,1,1,0,1,0,0,1,NA,NA
242,0,1,1,1,0,1,1,1,0,0,1,NA,NA
243,0,1,1,1,1,1,1,1,0,0,1,NA,NA
244,0,1,1,1,1,1,1,0,0,0,1,NA,NA
245,0,1,1,1,0,1,1,1,0,0,1,NA,NA
246,0,1,1,1,1,1,1,1,0,0,0,NA,NA
247,1,1,1,1,1,1,1,1,0,0,1,NA,NA
248,1,1,1,1,1,1,1,1,0,1,1,NA,NA
249,0,1,1,0,1,1,1,1,0,1,1,NA,NA
250,0,1,1,1,1,1,1,1,0,0,1,NA,NA
251,0,1,1,1,0,1,1,1,0,0,1,NA,NA
252,0,1,1,1,1,1,1,1,0,0,1,NA,NA
253,0,1,0,1,1,1,1,1,0,0,1,NA,NA
254,0,0,0,1,1,1,1,1,0,0,1,NA,NA
255,0,1,1,1,0,1,1,1,0,0,1,NA,NA
256,0,0,1,1,1,1,1,0,0,0,0,NA,NA
257,0,0,1,1,1,1,1,1,0,0,1,NA,NA
258,0,0,0,0,1,0,0,0,0,0,NA,NA,NA
259,0,0,1,1,0,1,0,1,0,0,NA,NA,NA
260,0,1,0,0,0,0,0,0,0,0,NA,NA,NA
261,0,0,1,1,1,1,1,1,0,0,NA,NA,NA
262,0,0,1,1,0,1,0,1,0,0,NA,NA,NA
263,1,1,1,1,1,1,1,1,0,0,NA,NA,NA
264,1,1,1,1,1,1,1,1,0,0,NA,NA,NA
265,0,1,1,1,0,0,1,1,0,0,NA,NA,NA
266,0,1,1,0,0,0,0,1,0,0,NA,NA,NA
267,0,1,1,1,1,1,1,1,0,1,NA,NA,NA
268,0,1,0,1,1,0,1,1,0,0,NA,NA,NA
269,0,1,1,1,1,1,1,1,0,0,NA,NA,NA
270,0,1,0,1,1,1,1,1,0,0,NA,NA,NA
271,0,1,1,1,0,1,0,1,0,0,NA,NA,NA
272,0,0,0,1,1,1,0,1,0,0,NA,NA,NA
273,0,1,1,1,1,1,1,1,0,0,NA,NA,NA
274,0,1,1,1,1,1,1,1,0,0,NA,NA,NA
275,0,1,1,1,1,1,1,1,0,0,NA,NA,NA
276,0,1,0,1,1,1,1,1,0,1,NA,NA,NA
277,1,1,1,1,0,1,1,0,0,0,NA,NA,NA
278,0,1,0,1,1,1,1,1,0,0,NA,NA,NA
279,1,1,1,1,1,1,1,1,0,0,NA,NA,NA
280,1,1,0,1,1,1,1,1,0,0,NA,NA,NA
281,1,1,1,1,1,1,1,1,1,0,NA,NA,NA
282,0,0,0,1,1,1,1,1,0,0,NA,NA,NA
283,0,0,1,1,1,1,1,1,0,0,NA,NA,NA
284,0,1,0,1,1,1,1,1,0,0,NA,NA,NA
285,0,1,1,1,0,1,1,1,0,0,NA,NA,NA
286,0,0,0,1,1,1,1,1,0,1,NA,NA,NA
287,0,0,0,1,1,1,1,0,0,1,NA,NA,NA
288,0,1,1,1,1,1,0,1,0,0,NA,NA,NA
289,0,1,1,1,1,1,1,0,0,0,NA,NA,NA
290,0,1,1,1,0,1,1,1,0,0,NA,NA,NA
291,0,1,1,1,1,0,1,1,0,0,NA,NA,NA
292,0,1,1,1,0,1,1,0,0,0,NA,NA,NA
293,0,0,1,1,1,1,1,0,0,0,NA,NA,NA
294,0,1,1,1,1,1,1,0,0,0,NA,NA,NA
295,0,1,0,1,1,1,1,1,0,0,NA,NA,NA
296,0,1,0,1,1,1,1,1,0,0,NA,NA,NA
297,0,0,1,0,0,0,0,0,0,0,NA,NA,NA
298,0,0,1,0,0,0,0,1,0,0,NA,NA,NA
299,0,0,1,0,0,0,0,0,0,0,NA,NA,NA
300,0,0,1,1,0,1,0,0,0,0,NA,NA,NA
301,0,1,1,1,1,1,0,0,0,0,NA,NA,NA
302,0,1,1,1,0,1,0,0,0,0,NA,NA,NA
303,0,1,1,1,0,0,0,0,0,0,NA,NA,NA
304,0,1,0,1,1,1,0,1,0,1,NA,NA,NA
305,0,0,0,0,0,0,0,0,0,0,NA,NA,NA
306,0,1,1,0,0,0,1,0,0,0,NA,NA,NA
307,0,1,0,1,0,0,1,1,0,0,NA,NA,NA
308,0,1,0,1,0,1,1,1,0,0,NA,NA,NA
309,0,1,1,1,1,1,1,1,0,0,NA,NA,NA
310,0,1,0,1,1,1,1,1,0,0,NA,NA,NA
311,0,1,1,1,1,1,0,0,0,0,NA,NA,NA
312,1,0,1,1,1,1,0,1,0,0,NA,NA,NA
313,0,1,1,1,1,1,1,1,0,0,NA,NA,NA
314,0,0,1,1,1,1,1,1,0,0,NA,NA,NA
315,0,1,1,1,0,1,1,0,0,0,NA,NA,NA
316,0,1,1,1,1,1,1,0,0,0,NA,NA,NA
317,0,1,1,1,1,1,1,1,0,0,NA,NA,NA
318,1,1,1,1,1,1,1,1,0,0,NA,NA,NA
319,0,1,1,1,1,1,1,1,0,0,NA,NA,NA
320,0,1,1,1,1,1,1,1,0,0,NA,NA,NA
321,0,1,1,1,1,1,1,1,0,0,NA,NA,NA
322,0,0,1,1,1,1,1,0,0,1,NA,NA,NA
323,0,1,1,1,1,1,1,1,0,0,NA,NA,NA
324,0,1,1,1,0,1,1,1,0,1,NA,NA,NA
325,0,1,1,1,1,1,1,1,0,1,NA,NA,NA
326,0,1,1,1,1,1,1,1,0,0,NA,NA,NA
327,0,1,1,1,0,0,1,1,0,0,NA,NA,NA
328,0,1,1,1,0,1,1,1,0,0,NA,NA,NA
329,0,1,1,1,1,1,1,1,0,0,NA,NA,NA
330,0,1,0,1,1,1,1,1,0,0,NA,NA,NA
331,0,1,1,1,1,1,1,1,0,0,NA,NA,NA
332,0,1,1,1,1,1,1,0,0,0,NA,NA,NA
333,0,1,1,1,1,1,1,1,0,0,NA,NA,NA
334,0,1,1,1,1,1,0,0,0,NA,NA,NA,NA
335,0,0,1,1,0,0,0,0,0,NA,NA,NA,NA
336,0,1,1,1,1,1,0,0,0,NA,NA,NA,NA
337,0,1,1,1,0,1,1,0,0,NA,NA,NA,NA
338,0,1,1,1,0,1,0,0,0,NA,NA,NA,NA
339,0,1,1,1,1,1,0,0,0,NA,NA,NA,NA
340,0,1,1,0,0,1,0,0,0,NA,NA,NA,NA
341,0,1,1,1,1,1,0,0,0,NA,NA,NA,NA
342,0,1,1,1,1,1,0,0,0,NA,NA,NA,NA
343,0,1,1,1,1,1,0,0,0,NA,NA,NA,NA
344,0,1,1,1,0,1,0,0,0,NA,NA,NA,NA
345,0,1,0,1,1,1,0,0,0,NA,NA,NA,NA
346,0,1,1,1,1,1,1,1,0,NA,NA,NA,NA
347,0,1,0,1,1,1,1,1,0,NA,NA,NA,NA
348,1,1,1,1,1,1,0,1,0,NA,NA,NA,NA
349,0,0,1,1,1,1,1,0,0,NA,NA,NA,NA
350,1,0,1,1,1,1,0,0,0,NA,NA,NA,NA
351,0,1,1,1,1,1,1,0,0,NA,NA,NA,NA
352,0,1,1,1,1,1,1,0,0,NA,NA,NA,NA
353,1,1,1,1,0,0,1,0,0,NA,NA,NA,NA
354,1,1,0,1,1,1,0,0,0,NA,NA,NA,NA
355,1,1,1,1,1,1,1,0,0,NA,NA,NA,NA
356,0,1,1,1,1,1,1,0,0,NA,NA,NA,NA
357,1,0,0,1,1,0,1,1,0,NA,NA,NA,NA
358,0,1,0,1,1,1,1,1,0,NA,NA,NA,NA
359,0,1,0,1,1,1,1,0,0,NA,NA,NA,NA
360,0,1,1,1,1,1,1,0,0,NA,NA,NA,NA
361,0,1,1,1,1,1,1,1,0,NA,NA,NA,NA
362,0,1,1,1,1,1,1,0,0,NA,NA,NA,NA
363,0,1,1,0,0,0,1,1,0,NA,NA,NA,NA
364,0,1,0,1,1,1,1,1,0,NA,NA,NA,NA
365,0,1,1,1,1,1,1,0,0,NA,NA,NA,NA
366,0,1,1,1,1,1,1,0,0,NA,NA,NA,NA
367,0,1,1,1,0,1,1,0,0,NA,NA,NA,NA
368,0,1,0,1,1,1,1,0,0,NA,NA,NA,NA
369,0,1,0,1,1,1,1,1,0,NA,NA,NA,NA
370,0,1,1,1,1,1,0,1,0,NA,NA,NA,NA
371,0,1,1,1,1,1,1,1,0,NA,NA,NA,NA
372,0,0,0,0,0,0,0,0,0,NA,NA,NA,NA
373,0,1,1,0,0,0,0,0,0,NA,NA,NA,NA
374,0,1,1,0,0,1,0,0,0,NA,NA,NA,NA
375,0,1,1,0,0,1,0,0,0,NA,NA,NA,NA
376,0,1,0,1,1,1,1,1,0,NA,NA,NA,NA
377,0,1,1,1,1,1,0,0,0,NA,NA,NA,NA
378,0,1,1,1,1,1,0,0,0,NA,NA,NA,NA
379,0,1,1,1,1,1,1,0,0,NA,NA,NA,NA
380,1,1,1,1,0,0,0,0,0,NA,NA,NA,NA
381,0,1,1,1,1,1,1,0,0,NA,NA,NA,NA
382,0,0,1,1,1,1,0,0,0,NA,NA,NA,NA
383,0,0,0,1,1,1,0,0,0,NA,NA,NA,NA
384,0,1,1,1,1,1,1,0,1,NA,NA,NA,NA
385,0,1,1,1,0,1,1,1,0,NA,NA,NA,NA
386,0,1,1,1,0,1,0,0,0,NA,NA,NA,NA
387,0,1,1,1,1,1,1,1,0,NA,NA,NA,NA
388,0,1,1,1,1,1,1,1,0,NA,NA,NA,NA
389,0,0,0,0,0,0,0,0,0,NA,NA,NA,NA
390,0,0,1,1,1,0,0,0,0,NA,NA,NA,NA
391,0,0,0,0,0,0,0,0,0,NA,NA,NA,NA
392,0,0,0,0,0,1,0,0,0,NA,NA,NA,NA
393,0,0,0,0,0,0,0,0,0,NA,NA,NA,NA
394,0,0,1,0,0,0,0,0,0,NA,NA,NA,NA
395,0,1,1,0,1,0,0,0,0,NA,NA,NA,NA
396,0,0,1,0,0,0,0,0,0,NA,NA,NA,NA
397,0,0,1,0,1,0,0,0,0,NA,NA,NA,NA
398,0,1,1,0,1,0,0,0,0,NA,NA,NA,NA
399,0,1,1,1,0,0,0,0,0,NA,NA,NA,NA
400,0,1,1,0,0,1,0,0,0,NA,NA,NA,NA
401,0,0,1,1,1,1,0,0,0,NA,NA,NA,NA
402,0,1,1,1,0,1,0,0,0,NA,NA,NA,NA
403,0,0,1,1,0,1,0,0,0,NA,NA,NA,NA
404,0,1,1,0,1,1,0,0,0,NA,NA,NA,NA
405,0,1,1,1,1,1,1,0,0,NA,NA,NA,NA
406,0,1,1,1,1,1,1,1,0,NA,NA,NA,NA
407,0,1,1,0,1,1,1,1,0,NA,NA,NA,NA
408,0,1,1,1,0,1,0,0,0,NA,NA,NA,NA
409,0,0,1,1,1,1,0,0,0,NA,NA,NA,NA
410,0,1,1,1,1,1,1,0,0,NA,NA,NA,NA
411,1,1,1,1,1,1,1,1,0,NA,NA,NA,NA
412,0,1,1,1,0,1,0,1,0,NA,NA,NA,NA
413,0,1,1,1,0,1,0,1,0,NA,NA,NA,NA
414,1,1,1,1,1,1,1,1,0,NA,NA,NA,NA
415,0,1,1,1,1,1,1,0,0,NA,NA,NA,NA
416,0,1,1,1,1,1,1,1,0,NA,NA,NA,NA
417,1,1,1,0,1,1,0,0,0,NA,NA,NA,NA
418,0,1,1,1,1,1,1,0,0,NA,NA,NA,NA
419,0,1,1,1,1,1,0,0,0,NA,NA,NA,NA
420,0,1,1,1,1,1,0,0,0,NA,NA,NA,NA
421,0,1,1,0,1,1,0,1,0,NA,NA,NA,NA
422,1,1,1,1,1,1,1,1,0,NA,NA,NA,NA
423,1,1,1,1,1,1,1,1,0,NA,NA,NA,NA
424,0,1,1,1,1,1,0,0,0,NA,NA,NA,NA
425,0,1,1,1,1,1,1,0,0,NA,NA,NA,NA
426,0,1,1,1,0,1,1,1,0,NA,NA,NA,NA
427,0,1,0,1,1,0,1,0,0,NA,NA,NA,NA
428,0,1,1,1,1,1,0,0,0,NA,NA,NA,NA
429,0,1,1,1,1,1,1,0,NA,NA,NA,NA,NA
430,0,1,1,1,1,1,0,1,NA,NA,NA,NA,NA
431,0,1,0,0,0,1,0,1,NA,NA,NA,NA,NA
432,0,1,1,0,1,0,0,1,NA,NA,NA,NA,NA
433,0,1,1,1,1,1,1,1,NA,NA,NA,NA,NA
434,0,1,1,1,1,1,1,1,NA,NA,NA,NA,NA
435,0,0,0,0,0,0,0,NA,NA,NA,NA,NA,NA
436,0,1,1,0,0,0,0,NA,NA,NA,NA,NA,NA
437,0,0,0,0,0,0,0,NA,NA,NA,NA,NA,NA
438,0,1,1,1,0,1,0,NA,NA,NA,NA,NA,NA
439,0,1,1,0,0,0,0,NA,NA,NA,NA,NA,NA
440,0,0,1,0,0,0,0,NA,NA,NA,NA,NA,NA
441,0,1,1,0,0,0,0,NA,NA,NA,NA,NA,NA
442,0,0,1,0,0,0,0,NA,NA,NA,NA,NA,NA
443,0,1,1,1,0,0,0,NA,NA,NA,NA,NA,NA
444,0,0,1,1,0,1,0,NA,NA,NA,NA,NA,NA
445,1,0,1,1,0,0,0,NA,NA,NA,NA,NA,NA
446,0,1,1,0,1,1,0,NA,NA,NA,NA,NA,NA
447,0,0,1,0,0,0,0,NA,NA,NA,NA,NA,NA
448,0,1,1,1,0,0,0,NA,NA,NA,NA,NA,NA
449,0,1,1,0,0,1,0,NA,NA,NA,NA,NA,NA
450,0,1,1,0,0,0,0,NA,NA,NA,NA,NA,NA
451,0,1,0,1,0,1,0,NA,NA,NA,NA,NA,NA
452,0,1,0,0,0,1,0,NA,NA,NA,NA,NA,NA
453,0,1,0,1,1,1,0,NA,NA,NA,NA,NA,NA
454,1,1,1,1,1,1,0,NA,NA,NA,NA,NA,NA
455,0,1,1,0,0,1,0,NA,NA,NA,NA,NA,NA
456,0,0,0,0,1,0,0,NA,NA,NA,NA,NA,NA
457,0,0,1,1,1,1,0,NA,NA,NA,NA,NA,NA
458,0,1,1,1,1,1,0,NA,NA,NA,NA,NA,NA
459,0,0,1,1,0,0,0,NA,NA,NA,NA,NA,NA
460,0,1,1,1,0,1,0,NA,NA,NA,NA,NA,NA
461,0,1,0,1,1,1,0,NA,NA,NA,NA,NA,NA
462,0,1,0,1,1,1,0,NA,NA,NA,NA,NA,NA
463,0,1,1,1,1,1,0,NA,NA,NA,NA,NA,NA
464,0,1,0,1,1,1,1,NA,NA,NA,NA,NA,NA
465,0,1,1,1,1,1,0,NA,NA,NA,NA,NA,NA
466,0,1,1,1,1,1,0,NA,NA,NA,NA,NA,NA
467,0,1,1,1,1,1,0,NA,NA,NA,NA,NA,NA
468,0,1,1,1,0,1,0,NA,NA,NA,NA,NA,NA
469,0,1,1,1,1,1,0,NA,NA,NA,NA,NA,NA
470,0,1,0,1,1,1,0,NA,NA,NA,NA,NA,NA
471,0,1,1,0,1,1,0,NA,NA,NA,NA,NA,NA
472,0,1,1,0,0,1,0,NA,NA,NA,NA,NA,NA
473,0,1,1,1,0,1,0,NA,NA,NA,NA,NA,NA
474,0,0,0,1,0,0,0,NA,NA,NA,NA,NA,NA
475,1,0,1,0,0,1,0,NA,NA,NA,NA,NA,NA
476,0,1,1,1,1,1,0,NA,NA,NA,NA,NA,NA
477,0,1,1,1,1,1,0,NA,NA,NA,NA,NA,NA
478,0,1,1,1,0,1,0,NA,NA,NA,NA,NA,NA
479,0,1,1,1,1,1,0,NA,NA,NA,NA,NA,NA
480,0,1,1,1,0,0,0,NA,NA,NA,NA,NA,NA
481,0,1,1,1,1,1,0,NA,NA,NA,NA,NA,NA
482,0,1,0,1,1,1,0,NA,NA,NA,NA,NA,NA
483,0,1,1,0,1,1,0,NA,NA,NA,NA,NA,NA
484,0,1,1,1,1,1,0,NA,NA,NA,NA,NA,NA
485,0,1,0,1,0,1,0,NA,NA,NA,NA,NA,NA
486,0,1,1,1,1,1,0,NA,NA,NA,NA,NA,NA
487,0,1,1,1,1,1,0,NA,NA,NA,NA,NA,NA
488,0,1,1,1,1,0,0,NA,NA,NA,NA,NA,NA
489,0,1,1,1,1,0,0,NA,NA,NA,NA,NA,NA
490,0,1,1,1,1,1,0,NA,NA,NA,NA,NA,NA
491,1,1,1,1,1,1,0,NA,NA,NA,NA,NA,NA
492,0,1,1,1,1,1,0,NA,NA,NA,NA,NA,NA
493,0,1,1,1,1,1,0,NA,NA,NA,NA,NA,NA
494,1,0,1,1,1,1,0,NA,NA,NA,NA,NA,NA
495,0,1,1,1,1,1,0,NA,NA,NA,NA,NA,NA
496,0,1,1,1,1,1,0,NA,NA,NA,NA,NA,NA
497,0,1,1,1,1,1,0,NA,NA,NA,NA,NA,NA
498,1,1,1,1,1,1,0,NA,NA,NA,NA,NA,NA
499,0,1,1,1,1,1,0,NA,NA,NA,NA,NA,NA
500,0,1,1,1,1,1,0,NA,NA,NA,NA,NA,NA
501,1,1,1,1,1,1,0,NA,NA,NA,NA,NA,NA
502,0,1,1,0,0,1,0,NA,NA,NA,NA,NA,NA
503,0,1,1,1,0,1,0,NA,NA,NA,NA,NA,NA
504,0,1,1,1,0,1,0,NA,NA,NA,NA,NA,NA
505,1,1,1,1,1,1,0,NA,NA,NA,NA,NA,NA
506,0,1,1,1,0,1,0,NA,NA,NA,NA,NA,NA
507,0,1,1,1,0,0,0,NA,NA,NA,NA,NA,NA
508,0,1,1,1,0,0,0,NA,NA,NA,NA,NA,NA
509,1,1,1,1,1,1,0,NA,NA,NA,NA,NA,NA
510,0,1,1,1,1,1,0,NA,NA,NA,NA,NA,NA
511,0,1,1,0,0,0,0,NA,NA,NA,NA,NA,NA
512,0,1,1,0,1,1,0,NA,NA,NA,NA,NA,NA
513,0,1,1,1,1,1,0,NA,NA,NA,NA,NA,NA
514,0,1,0,1,1,1,0,NA,NA,NA,NA,NA,NA
515,0,1,1,1,1,1,0,NA,NA,NA,NA,NA,NA
516,0,1,1,1,1,1,0,NA,NA,NA,NA,NA,NA
517,0,1,0,1,1,1,0,NA,NA,NA,NA,NA,NA
518,0,1,0,1,1,1,0,NA,NA,NA,NA,NA,NA
519,1,0,1,1,1,1,0,NA,NA,NA,NA,NA,NA
520,1,1,1,1,1,1,0,NA,NA,NA,NA,NA,NA
521,0,1,1,0,1,0,0,NA,NA,NA,NA,NA,NA
522,0,1,1,1,1,1,0,NA,NA,NA,NA,NA,NA
523,1,1,1,1,1,1,0,NA,NA,NA,NA,NA,NA
524,0,1,0,1,1,1,0,NA,NA,NA,NA,NA,NA
525,1,1,1,1,1,1,0,NA,NA,NA,NA,NA,NA
526,0,1,1,0,0,1,0,NA,NA,NA,NA,NA,NA
527,0,1,1,1,1,1,0,NA,NA,NA,NA,NA,NA
528,0,1,1,0,1,1,0,NA,NA,NA,NA,NA,NA
529,1,1,1,1,1,1,0,NA,NA,NA,NA,NA,NA
530,0,1,1,1,1,1,0,NA,NA,NA,NA,NA,NA
531,1,1,0,1,1,0,0,NA,NA,NA,NA,NA,NA
532,0,1,0,1,1,1,0,NA,NA,NA,NA,NA,NA
533,1,0,1,1,0,0,0,NA,NA,NA,NA,NA,NA
534,0,1,1,1,1,1,0,NA,NA,NA,NA,NA,NA
535,0,0,1,0,0,0,0,NA,NA,NA,NA,NA,NA
536,0,1,1,1,0,0,0,NA,NA,NA,NA,NA,NA
537,0,0,1,0,0,0,0,NA,NA,NA,NA,NA,NA
538,0,1,0,0,0,0,0,NA,NA,NA,NA,NA,NA
539,0,1,1,1,0,1,0,NA,NA,NA,NA,NA,NA
540,0,1,1,0,1,1,0,NA,NA,NA,NA,NA,NA
541,0,1,1,0,0,0,0,NA,NA,NA,NA,NA,NA
542,0,0,1,0,1,1,0,NA,NA,NA,NA,NA,NA
543,0,1,1,1,1,1,0,NA,NA,NA,NA,NA,NA
544,0,1,1,1,1,1,0,NA,NA,NA,NA,NA,NA
545,0,1,1,1,0,0,0,NA,NA,NA,NA,NA,NA
546,0,1,1,1,0,1,0,NA,NA,NA,NA,NA,NA
547,0,1,0,1,0,0,0,NA,NA,NA,NA,NA,NA
548,0,1,1,1,1,1,0,NA,NA,NA,NA,NA,NA
549,0,1,1,1,1,1,0,NA,NA,NA,NA,NA,NA
550,0,1,1,1,1,1,0,NA,NA,NA,NA,NA,NA
551,0,1,1,1,1,1,0,NA,NA,NA,NA,NA,NA
552,0,1,0,1,1,1,0,NA,NA,NA,NA,NA,NA
553,0,1,0,1,1,1,0,NA,NA,NA,NA,NA,NA
554,0,1,1,1,1,1,0,NA,NA,NA,NA,NA,NA
555,1,1,1,1,1,1,0,NA,NA,NA,NA,NA,NA
556,0,1,0,1,1,1,0,NA,NA,NA,NA,NA,NA
557,0,1,0,1,1,1,0,NA,NA,NA,NA,NA,NA
558,0,1,1,1,1,1,0,NA,NA,NA,NA,NA,NA
559,0,0,1,0,1,1,0,NA,NA,NA,NA,NA,NA
560,0,1,0,1,1,1,0,NA,NA,NA,NA,NA,NA
561,1,1,1,1,0,0,0,NA,NA,NA,NA,NA,NA
562,0,1,1,1,1,1,0,NA,NA,NA,NA,NA,NA
563,0,1,1,0,0,1,0,NA,NA,NA,NA,NA,NA
564,0,1,0,0,1,1,0,NA,NA,NA,NA,NA,NA
565,0,0,0,0,0,0,0,NA,NA,NA,NA,NA,NA
566,0,0,1,0,0,1,0,NA,NA,NA,NA,NA,NA
567,0,0,0,0,0,0,0,NA,NA,NA,NA,NA,NA
568,0,0,0,1,0,0,0,NA,NA,NA,NA,NA,NA
569,0,0,1,0,0,1,0,NA,NA,NA,NA,NA,NA
570,0,0,0,0,0,0,0,NA,NA,NA,NA,NA,NA
571,0,0,0,0,0,0,0,NA,NA,NA,NA,NA,NA
572,0,1,1,0,0,0,0,NA,NA,NA,NA,NA,NA
573,0,0,1,0,0,0,0,NA,NA,NA,NA,NA,NA
574,0,1,0,0,0,1,0,NA,NA,NA,NA,NA,NA
575,0,0,1,1,1,0,0,NA,NA,NA,NA,NA,NA
576,0,0,0,0,0,1,0,NA,NA,NA,NA,NA,NA
577,1,1,1,0,0,1,0,NA,NA,NA,NA,NA,NA
578,0,0,1,0,0,0,0,NA,NA,NA,NA,NA,NA
579,0,0,1,0,0,0,0,NA,NA,NA,NA,NA,NA
580,0,0,1,1,0,0,0,NA,NA,NA,NA,NA,NA
581,0,1,0,1,1,1,0,NA,NA,NA,NA,NA,NA
582,0,0,1,0,0,0,0,NA,NA,NA,NA,NA,NA
583,0,0,1,0,0,0,0,NA,NA,NA,NA,NA,NA
584,0,0,1,1,0,1,0,NA,NA,NA,NA,NA,NA
585,0,0,1,0,0,0,0,NA,NA,NA,NA,NA,NA
586,0,1,1,1,0,0,0,NA,NA,NA,NA,NA,NA
587,0,1,1,1,0,0,0,NA,NA,NA,NA,NA,NA
588,0,1,0,0,0,0,0,NA,NA,NA,NA,NA,NA
589,0,0,1,0,0,0,0,NA,NA,NA,NA,NA,NA
590,0,0,1,1,0,0,0,NA,NA,NA,NA,NA,NA
591,0,0,1,1,0,0,0,NA,NA,NA,NA,NA,NA
592,0,1,1,0,0,0,0,NA,NA,NA,NA,NA,NA
593,0,0,0,0,0,0,0,NA,NA,NA,NA,NA,NA
594,0,1,1,1,1,0,0,NA,NA,NA,NA,NA,NA
595,0,1,0,0,0,0,0,NA,NA,NA,NA,NA,NA
596,0,1,1,0,1,0,0,NA,NA,NA,NA,NA,NA
597,0,0,1,0,0,0,0,NA,NA,NA,NA,NA,NA
598,0,1,1,1,1,1,0,NA,NA,NA,NA,NA,NA
599,0,1,1,1,0,1,0,NA,NA,NA,NA,NA,NA
600,0,1,1,1,0,1,0,NA,NA,NA,NA,NA,NA
601,0,1,1,1,0,1,0,NA,NA,NA,NA,NA,NA
602,0,1,0,1,0,0,0,NA,NA,NA,NA,NA,NA
603,0,1,1,1,0,1,0,NA,NA,NA,NA,NA,NA
604,0,1,1,0,0,0,0,NA,NA,NA,NA,NA,NA
605,0,1,1,1,1,0,0,NA,NA,NA,NA,NA,NA
606,0,1,1,1,1,1,0,NA,NA,NA,NA,NA,NA
607,0,1,1,1,1,0,0,NA,NA,NA,NA,NA,NA
608,0,1,1,0,0,1,0,NA,NA,NA,NA,NA,NA
609,0,1,1,1,1,0,0,NA,NA,NA,NA,NA,NA
610,0,1,1,0,1,1,0,NA,NA,NA,NA,NA,NA
611,0,1,1,1,0,1,0,NA,NA,NA,NA,NA,NA
612,0,0,1,0,0,0,0,NA,NA,NA,NA,NA,NA
613,1,0,1,1,0,1,0,NA,NA,NA,NA,NA,NA
614,0,1,0,1,1,1,0,NA,NA,NA,NA,NA,NA
615,0,1,0,1,1,1,0,NA,NA,NA,NA,NA,NA
616,0,1,1,1,0,1,0,NA,NA,NA,NA,NA,NA
617,0,0,1,1,1,0,0,NA,NA,NA,NA,NA,NA
618,0,1,1,1,0,1,0,NA,NA,NA,NA,NA,NA
619,0,1,1,1,1,1,0,NA,NA,NA,NA,NA,NA
620,0,1,1,1,1,1,0,NA,NA,NA,NA,NA,NA
621,1,1,1,1,1,1,0,NA,NA,NA,NA,NA,NA
622,0,1,1,1,0,0,0,NA,NA,NA,NA,NA,NA
623,0,1,1,1,1,1,0,NA,NA,NA,NA,NA,NA
624,0,1,1,1,1,1,0,NA,NA,NA,NA,NA,NA
625,0,1,1,0,0,1,0,NA,NA,NA,NA,NA,NA
626,0,1,1,1,1,1,0,NA,NA,NA,NA,NA,NA
627,0,1,1,1,1,1,0,NA,NA,NA,NA,NA,NA
628,0,1,1,1,0,1,0,NA,NA,NA,NA,NA,NA
629,1,1,0,0,1,1,0,NA,NA,NA,NA,NA,NA
630,0,1,1,1,1,1,0,NA,NA,NA,NA,NA,NA
631,0,1,1,1,1,1,0,NA,NA,NA,NA,NA,NA
632,0,1,1,1,1,1,0,NA,NA,NA,NA,NA,NA
633,0,0,1,1,1,1,0,NA,NA,NA,NA,NA,NA
634,0,1,1,0,1,1,0,NA,NA,NA,NA,NA,NA
635,0,1,1,1,1,1,0,NA,NA,NA,NA,NA,NA
636,0,1,1,1,1,1,0,NA,NA,NA,NA,NA,NA
637,0,1,1,1,1,1,0,NA,NA,NA,NA,NA,NA
638,0,1,1,1,1,1,0,NA,NA,NA,NA,NA,NA
639,1,0,1,1,1,1,0,NA,NA,NA,NA,NA,NA
640,0,1,1,1,0,1,0,NA,NA,NA,NA,NA,NA
641,0,1,0,1,0,1,0,NA,NA,NA,NA,NA,NA
642,0,0,0,1,1,1,0,NA,NA,NA,NA,NA,NA
643,0,1,1,1,1,1,0,NA,NA,NA,NA,NA,NA
644,0,1,0,1,1,1,0,NA,NA,NA,NA,NA,NA
645,0,1,1,0,1,1,0,NA,NA,NA,NA,NA,NA
646,0,1,1,1,1,1,0,NA,NA,NA,NA,NA,NA
647,0,0,1,1,1,1,0,NA,NA,NA,NA,NA,NA
648,1,1,1,1,1,0,0,NA,NA,NA,NA,NA,NA
649,0,1,1,1,0,1,0,NA,NA,NA,NA,NA,NA
650,0,1,1,1,1,0,0,NA,NA,NA,NA,NA,NA
651,0,1,1,0,1,1,1,NA,NA,NA,NA,NA,NA
652,0,1,1,1,1,1,0,NA,NA,NA,NA,NA,NA
653,0,1,1,1,1,1,0,NA,NA,NA,NA,NA,NA
654,0,1,1,1,1,1,0,NA,NA,NA,NA,NA,NA
655,0,1,0,1,1,1,0,NA,NA,NA,NA,NA,NA
656,0,1,1,1,1,1,0,NA,NA,NA,NA,NA,NA
657,0,1,1,1,1,1,0,NA,NA,NA,NA,NA,NA
658,0,1,1,1,0,0,0,NA,NA,NA,NA,NA,NA
659,0,1,1,1,1,1,0,NA,NA,NA,NA,NA,NA
660,0,1,0,1,1,1,0,NA,NA,NA,NA,NA,NA
661,0,0,1,0,0,1,0,NA,NA,NA,NA,NA,NA
662,0,0,0,1,1,1,0,NA,NA,NA,NA,NA,NA
663,0,1,1,1,1,1,0,NA,NA,NA,NA,NA,NA
664,1,1,0,1,1,1,1,NA,NA,NA,NA,NA,NA
665,0,1,1,1,1,1,0,NA,NA,NA,NA,NA,NA
666,0,1,0,0,1,1,0,NA,NA,NA,NA,NA,NA
667,0,1,1,1,1,1,0,NA,NA,NA,NA,NA,NA
668,0,1,1,1,1,1,0,NA,NA,NA,NA,NA,NA
669,0,1,0,1,1,1,0,NA,NA,NA,NA,NA,NA
670,0,1,1,1,0,1,0,NA,NA,NA,NA,NA,NA
671,0,1,1,1,0,0,NA,NA,NA,NA,NA,NA,NA
672,0,0,1,0,0,1,NA,NA,NA,NA,NA,NA,NA
673,0,1,1,0,0,1,NA,NA,NA,NA,NA,NA,NA
674,0,0,1,0,1,0,NA,NA,NA,NA,NA,NA,NA
675,0,0,1,1,1,1,NA,NA,NA,NA,NA,NA,NA
676,0,0,0,1,0,1,NA,NA,NA,NA,NA,NA,NA
677,0,1,0,1,1,1,NA,NA,NA,NA,NA,NA,NA
678,0,1,0,1,1,1,NA,NA,NA,NA,NA,NA,NA
679,1,1,1,1,1,1,NA,NA,NA,NA,NA,NA,NA
680,0,0,1,1,1,1,NA,NA,NA,NA,NA,NA,NA
681,0,1,1,0,1,1,NA,NA,NA,NA,NA,NA,NA
682,0,1,1,1,0,0,NA,NA,NA,NA,NA,NA,NA
683,0,1,0,1,1,1,NA,NA,NA,NA,NA,NA,NA
684,0,1,1,1,1,1,NA,NA,NA,NA,NA,NA,NA
685,0,1,0,1,1,1,NA,NA,NA,NA,NA,NA,NA
686,1,1,1,1,1,1,NA,NA,NA,NA,NA,NA,NA
687,0,1,1,1,1,1,NA,NA,NA,NA,NA,NA,NA
688,0,1,1,1,1,1,NA,NA,NA,NA,NA,NA,NA
689,1,0,1,1,0,1,NA,NA,NA,NA,NA,NA,NA
690,0,1,0,1,0,1,NA,NA,NA,NA,NA,NA,NA
691,0,1,1,1,1,1,NA,NA,NA,NA,NA,NA,NA
692,0,0,1,1,0,1,NA,NA,NA,NA,NA,NA,NA
693,0,1,1,1,1,0,NA,NA,NA,NA,NA,NA,NA
694,0,1,0,1,1,1,NA,NA,NA,NA,NA,NA,NA
695,0,0,0,1,1,1,NA,NA,NA,NA,NA,NA,NA
696,0,1,0,1,1,1,NA,NA,NA,NA,NA,NA,NA
697,0,1,1,1,1,0,NA,NA,NA,NA,NA,NA,NA
698,0,1,0,0,1,1,NA,NA,NA,NA,NA,NA,NA
699,0,1,1,1,1,1,NA,NA,NA,NA,NA,NA,NA
700,1,1,1,1,1,1,NA,NA,NA,NA,NA,NA,NA
701,0,1,1,1,1,1,NA,NA,NA,NA,NA,NA,NA
702,0,1,1,1,1,1,NA,NA,NA,NA,NA,NA,NA
703,0,0,0,0,0,1,NA,NA,NA,NA,NA,NA,NA
704,0,1,1,1,1,1,NA,NA,NA,NA,NA,NA,NA
705,0,1,1,1,1,1,NA,NA,NA,NA,NA,NA,NA
706,0,1,0,1,1,1,NA,NA,NA,NA,NA,NA,NA
707,0,1,1,1,0,1,NA,NA,NA,NA,NA,NA,NA
708,0,1,1,1,1,1,NA,NA,NA,NA,NA,NA,NA
709,0,1,1,1,1,1,NA,NA,NA,NA,NA,NA,NA
710,0,0,0,1,1,1,NA,NA,NA,NA,NA,NA,NA
711,0,1,0,0,0,0,NA,NA,NA,NA,NA,NA,NA
712,0,1,1,0,0,NA,NA,NA,NA,NA,NA,NA,NA
713,0,1,1,1,NA,NA,NA,NA,NA,NA,NA,NA,NA
714,0,1,1,1,NA,NA,NA,NA,NA,NA,NA,NA,NA
715,0,1,1,1,NA,NA,NA,NA,NA,NA,NA,NA,NA
716,0,1,1,1,NA,NA,NA,NA,NA,NA,NA,NA,NA
717,0,1,0,1,NA,NA,NA,NA,NA,NA,NA,NA,NA
718,0,0,0,0,NA,NA,NA,NA,NA,NA,NA,NA,NA
719,0,0,1,1,NA,NA,NA,NA,NA,NA,NA,NA,NA
720,0,1,1,1,NA,NA,NA,NA,NA,NA,NA,NA,NA
721,0,1,1,1,NA,NA,NA,NA,NA,NA,NA,NA,NA
722,0,1,1,1,NA,NA,NA,NA,NA,NA,NA,NA,NA
723,0,1,0,0,NA,NA,NA,NA,NA,NA,NA,NA,NA
724,0,1,1,1,NA,NA,NA,NA,NA,NA,NA,NA,NA
725,0,0,1,NA,NA,NA,NA,NA,NA,NA,NA,NA,NA
726,0,0,0,NA,NA,NA,NA,NA,NA,NA,NA,NA,NA
727,0,0,1,NA,NA,NA,NA,NA,NA,NA,NA,NA,NA
728,0,1,1,NA,NA,NA,NA,NA,NA,NA,NA,NA,NA
729,0,0,1,NA,NA,NA,NA,NA,NA,NA,NA,NA,NA
730,0,0,0,NA,NA,NA,NA,NA,NA,NA,NA,NA,NA
731,0,0,0,NA,NA,NA,NA,NA,NA,NA,NA,NA,NA
732,0,0,1,NA,NA,NA,NA,NA,NA,NA,NA,NA,NA
733,0,0,0,NA,NA,NA,NA,NA,NA,NA,NA,NA,NA
734,0,0,0,NA,NA,NA,NA,NA,NA,NA,NA,NA,NA
735,0,1,1,NA,NA,NA,NA,NA,NA,NA,NA,NA,NA
736,0,1,1,NA,NA,NA,NA,NA,NA,NA,NA,NA,NA
737,0,1,0,NA,NA,NA,NA,NA,NA,NA,NA,NA,NA
738,0,0,1,NA,NA,NA,NA,NA,NA,NA,NA,NA,NA
739,0,0,1,NA,NA,NA,NA,NA,NA,NA,NA,NA,NA
740,0,0,1,NA,NA,NA,NA,NA,NA,NA,NA,NA,NA
741,0,1,0,NA,NA,NA,NA,NA,NA,NA,NA,NA,NA
742,0,1,1,NA,NA,NA,NA,NA,NA,NA,NA,NA,NA
743,0,1,1,NA,NA,NA,NA,NA,NA,NA,NA,NA,NA
744,0,1,1,NA,NA,NA,NA,NA,NA,NA,NA,NA,NA
745,1,1,0,NA,NA,NA,NA,NA,NA,NA,NA,NA,NA
746,0,1,1,NA,NA,NA,NA,NA,NA,NA,NA,NA,NA
747,0,1,1,NA,NA,NA,NA,NA,NA,NA,NA,NA,NA
748,0,1,0,NA,NA,NA,NA,NA,NA,NA,NA,NA,NA
749,0,0,1,NA,NA,NA,NA,NA,NA,NA,NA,NA,NA
750,0,1,0,NA,NA,NA,NA,NA,NA,NA,NA,NA,NA
751,1,1,1,NA,NA,NA,NA,NA,NA,NA,NA,NA,NA
752,0,1,1,NA,NA,NA,NA,NA,NA,NA,NA,NA,NA
753,0,1,1,NA,NA,NA,NA,NA,NA,NA,NA,NA,NA
754,0,1,0,NA,NA,NA,NA,NA,NA,NA,NA,NA,NA
755,0,1,0,NA,NA,NA,NA,NA,NA,NA,NA,NA,NA
756,0,1,1,NA,NA,NA,NA,NA,NA,NA,NA,NA,NA
757,0,1,1,NA,NA,NA,NA,NA,NA,NA,NA,NA,NA
758,0,1,1,NA,NA,NA,NA,NA,NA,NA,NA,NA,NA
759,0,1,1,NA,NA,NA,NA,NA,NA,NA,NA,NA,NA
760,0,0,0,NA,NA,NA,NA,NA,NA,NA,NA,NA,NA
761,0,1,1,NA,NA,NA,NA,NA,NA,NA,NA,NA,NA
762,0,1,1,NA,NA,NA,NA,NA,NA,NA,NA,NA,NA
763,1,1,0,NA,NA,NA,NA,NA,NA,NA,NA,NA,NA
764,0,1,0,NA,NA,NA,NA,NA,NA,NA,NA,NA,NA
765,0,1,1,NA,NA,NA,NA,NA,NA,NA,NA,NA,NA
766,0,1,1,NA,NA,NA,NA,NA,NA,NA,NA,NA,NA
767,0,1,1,NA,NA,NA,NA,NA,NA,NA,NA,NA,NA
768,0,1,1,NA,NA,NA,NA,NA,NA,NA,NA,NA,NA
769,0,1,1,NA,NA,NA,NA,NA,NA,NA,NA,NA,NA
770,0,1,1,NA,NA,NA,NA,NA,NA,NA,NA,NA,NA
771,0,0,1,NA,NA,NA,NA,NA,NA,NA,NA,NA,NA
772,1,0,0,NA,NA,NA,NA,NA,NA,NA,NA,NA,NA
773,0,1,1,NA,NA,NA,NA,NA,NA,NA,NA,NA,NA
774,0,1,0,NA,NA,NA,NA,NA,NA,NA,NA,NA,NA
775,0,1,1,NA,NA,NA,NA,NA,NA,NA,NA,NA,NA
776,1,1,1,NA,NA,NA,NA,NA,NA,NA,NA,NA,NA
777,0,1,1,NA,NA,NA,NA,NA,NA,NA,NA,NA,NA
778,0,1,1,NA,NA,NA,NA,NA,NA,NA,NA,NA,NA
779,0,0,0,NA,NA,NA,NA,NA,NA,NA,NA,NA,NA
780,0,1,1,NA,NA,NA,NA,NA,NA,NA,NA,NA,NA
781,1,1,0,NA,NA,NA,NA,NA,NA,NA,NA,NA,NA
782,1,1,1,NA,NA,NA,NA,NA,NA,NA,NA,NA,NA
783,0,1,1,NA,NA,NA,NA,NA,NA,NA,NA,NA,NA
784,0,1,1,NA,NA,NA,NA,NA,NA,NA,NA,NA,NA
785,0,1,1,NA,NA,NA,NA,NA,NA,NA,NA,NA,NA
786,0,1,0,NA,NA,NA,NA,NA,NA,NA,NA,NA,NA
787,1,1,1,NA,NA,NA,NA,NA,NA,NA,NA,NA,NA
788,0,1,0,NA,NA,NA,NA,NA,NA,NA,NA,NA,NA
789,0,1,0,NA,NA,NA,NA,NA,NA,NA,NA,NA,NA
790,0,1,0,NA,NA,NA,NA,NA,NA,NA,NA,NA,NA
791,0,1,1,NA,NA,NA,NA,NA,NA,NA,NA,NA,NA
792,1,1,1,NA,NA,NA,NA,NA,NA,NA,NA,NA,NA
793,0,1,0,NA,NA,NA,NA,NA,NA,NA,NA,NA,NA
794,0,1,1,NA,NA,NA,NA,NA,NA,NA,NA,NA,NA
795,1,0,1,NA,NA,NA,NA,NA,NA,NA,NA,NA,NA
796,0,1,1,NA,NA,NA,NA,NA,NA,NA,NA,NA,NA
797,0,1,1,NA,NA,NA,NA,NA,NA,NA,NA,NA,NA
798,1,1,1,NA,NA,NA,NA,NA,NA,NA,NA,NA,NA
799,0,1,1,NA,NA,NA,NA,NA,NA,NA,NA,NA,NA
800,0,1,1,NA,NA,NA,NA,NA,NA,NA,NA,NA,NA
801,0,1,1,NA,NA,NA,NA,NA,NA,NA,NA,NA,NA
802,0,1,1,NA,NA,NA,NA,NA,NA,NA,NA,NA,NA
803,0,1,0,NA,NA,NA,NA,NA,NA,NA,NA,NA,NA
804,1,1,1,NA,NA,NA,NA,NA,NA,NA,NA,NA,NA
805,0,1,1,NA,NA,NA,NA,NA,NA,NA,NA,NA,NA
806,0,1,1,NA,NA,NA,NA,NA,NA,NA,NA,NA,NA
807,0,1,1,NA,NA,NA,NA,NA,NA,NA,NA,NA,NA
808,0,1,0,NA,NA,NA,NA,NA,NA,NA,NA,NA,NA
809,1,1,1,NA,NA,NA,NA,NA,NA,NA,NA,NA,NA
810,1,1,1,NA,NA,NA,NA,NA,NA,NA,NA,NA,NA
811,1,0,1,NA,NA,NA,NA,NA,NA,NA,NA,NA,NA
812,0,1,0,NA,NA,NA,NA,NA,NA,NA,NA,NA,NA
813,0,0,1,NA,NA,NA,NA,NA,NA,NA,NA,NA,NA
814,0,1,1,NA,NA,NA,NA,NA,NA,NA,NA,NA,NA
815,0,1,1,NA,NA,NA,NA,NA,NA,NA,NA,NA,NA
816,0,0,1,NA,NA,NA,NA,NA,NA,NA,NA,NA,NA
817,0,1,1,NA,NA,NA,NA,NA,NA,NA,NA,NA,NA
818,0,0,1,NA,NA,NA,NA,NA,NA,NA,NA,NA,NA
819,0,1,1,NA,NA,NA,NA,NA,NA,NA,NA,NA,NA
820,0,1,1,NA,NA,NA,NA,NA,NA,NA,NA,NA,NA
821,0,1,1,NA,NA,NA,NA,NA,NA,NA,NA,NA,NA
822,0,1,1,NA,NA,NA,NA,NA,NA,NA,NA,NA,NA
823,1,1,1,NA,NA,NA,NA,NA,NA,NA,NA,NA,NA
824,0,1,1,NA,NA,NA,NA,NA,NA,NA,NA,NA,NA
825,0,1,1,NA,NA,NA,NA,NA,NA,NA,NA,NA,NA
826,0,1,1,NA,NA,NA,NA,NA,NA,NA,NA,NA,NA
827,0,1,1,NA,NA,NA,NA,NA,NA,NA,NA,NA,NA
828,0,0,1,NA,NA,NA,NA,NA,NA,NA,NA,NA,NA
829,0,0,1,NA,NA,NA,NA,NA,NA,NA,NA,NA,NA
830,0,0,1,NA,NA,NA,NA,NA,NA,NA,NA,NA,NA
831,0,1,1,NA,NA,NA,NA,NA,NA,NA,NA,NA,NA
832,0,1,0,NA,NA,NA,NA,NA,NA,NA,NA,NA,NA
833,0,1,1,NA,NA,NA,NA,NA,NA,NA,NA,NA,NA
834,0,1,1,NA,NA,NA,NA,NA,NA,NA,NA,NA,NA
835,0,1,1,NA,NA,NA,NA,NA,NA,NA,NA,NA,NA
836,0,1,1,NA,NA,NA,NA,NA,NA,NA,NA,NA,NA
837,0,1,1,NA,NA,NA,NA,NA,NA,NA,NA,NA,NA
838,1,1,1,NA,NA,NA,NA,NA,NA,NA,NA,NA,NA
839,0,1,1,NA,NA,NA,NA,NA,NA,NA,NA,NA,NA
840,0,1,1,NA,NA,NA,NA,NA,NA,NA,NA,NA,NA
841,0,1,1,NA,NA,NA,NA,NA,NA,NA,NA,NA,NA
842,1,1,0,NA,NA,NA,NA,NA,NA,NA,NA,NA,NA
843,0,1,1,NA,NA,NA,NA,NA,NA,NA,NA,NA,NA
844,0,0,1,NA,NA,NA,NA,NA,NA,NA,NA,NA,NA
845,0,1,1,NA,NA,NA,NA,NA,NA,NA,NA,NA,NA
846,0,1,1,NA,NA,NA,NA,NA,NA,NA,NA,NA,NA
847,0,1,1,NA,NA,NA,NA,NA,NA,NA,NA,NA,NA
848,0,0,1,NA,NA,NA,NA,NA,NA,NA,NA,NA,NA
849,0,1,0,NA,NA,NA,NA,NA,NA,NA,NA,NA,NA
850,0,1,1,NA,NA,NA,NA,NA,NA,NA,NA,NA,NA
851,0,1,1,NA,NA,NA,NA,NA,NA,NA,NA,NA,NA
852,0,1,0,NA,NA,NA,NA,NA,NA,NA,NA,NA,NA
853,0,1,1,NA,NA,NA,NA,NA,NA,NA,NA,NA,NA
854,1,1,0,NA,NA,NA,NA,NA,NA,NA,NA,NA,NA
855,0,1,1,NA,NA,NA,NA,NA,NA,NA,NA,NA,NA
856,0,0,0,NA,NA,NA,NA,NA,NA,NA,NA,NA,NA
857,0,0,0,NA,NA,NA,NA,NA,NA,NA,NA,NA,NA
858,0,0,1,NA,NA,NA,NA,NA,NA,NA,NA,NA,NA
859,0,1,1,NA,NA,NA,NA,NA,NA,NA,NA,NA,NA
860,0,0,0,NA,NA,NA,NA,NA,NA,NA,NA,NA,NA
861,0,1,1,NA,NA,NA,NA,NA,NA,NA,NA,NA,NA
862,0,1,0,NA,NA,NA,NA,NA,NA,NA,NA,NA,NA
863,0,0,0,NA,NA,NA,NA,NA,NA,NA,NA,NA,NA
864,0,1,1,NA,NA,NA,NA,NA,NA,NA,NA,NA,NA
865,0,0,0,NA,NA,NA,NA,NA,NA,NA,NA,NA,NA
866,0,0,1,NA,NA,NA,NA,NA,NA,NA,NA,NA,NA
867,0,0,0,NA,NA,NA,NA,NA,NA,NA,NA,NA,NA
868,0,0,1,NA,NA,NA,NA,NA,NA,NA,NA,NA,NA
869,0,0,0,NA,NA,NA,NA,NA,NA,NA,NA,NA,NA
870,0,0,1,NA,NA,NA,NA,NA,NA,NA,NA,NA,NA
871,0,0,1,NA,NA,NA,NA,NA,NA,NA,NA,NA,NA
872,1,0,1,NA,NA,NA,NA,NA,NA,NA,NA,NA,NA
873,0,0,1,NA,NA,NA,NA,NA,NA,NA,NA,NA,NA
874,0,1,1,NA,NA,NA,NA,NA,NA,NA,NA,NA,NA
875,0,1,1,NA,NA,NA,NA,NA,NA,NA,NA,NA,NA
876,0,1,1,NA,NA,NA,NA,NA,NA,NA,NA,NA,NA
877,0,1,1,NA,NA,NA,NA,NA,NA,NA,NA,NA,NA
878,0,1,1,NA,NA,NA,NA,NA,NA,NA,NA,NA,NA
879,0,0,1,NA,NA,NA,NA,NA,NA,NA,NA,NA,NA
880,0,0,1,NA,NA,NA,NA,NA,NA,NA,NA,NA,NA
881,0,0,1,NA,NA,NA,NA,NA,NA,NA,NA,NA,NA
882,0,1,0,NA,NA,NA,NA,NA,NA,NA,NA,NA,NA
883,0,1,0,NA,NA,NA,NA,NA,NA,NA,NA,NA,NA
884,0,0,1,NA,NA,NA,NA,NA,NA,NA,NA,NA,NA
885,0,1,1,NA,NA,NA,NA,NA,NA,NA,NA,NA,NA
886,0,1,1,NA,NA,NA,NA,NA,NA,NA,NA,NA,NA
887,0,1,1,NA,NA,NA,NA,NA,NA,NA,NA,NA,NA
888,0,1,1,NA,NA,NA,NA,NA,NA,NA,NA,NA,NA
889,0,1,1,NA,NA,NA,NA,NA,NA,NA,NA,NA,NA
890,0,1,1,NA,NA,NA,NA,NA,NA,NA,NA,NA,NA
891,0,0,1,NA,NA,NA,NA,NA,NA,NA,NA,NA,NA
892,0,1,0,NA,NA,NA,NA,NA,NA,NA,NA,NA,NA
893,0,1,1,NA,NA,NA,NA,NA,NA,NA,NA,NA,NA
894,0,0,0,NA,NA,NA,NA,NA,NA,NA,NA,NA,NA
895,0,0,1,NA,NA,NA,NA,NA,NA,NA,NA,NA,NA
896,0,1,1,NA,NA,NA,NA,NA,NA,NA,NA,NA,NA
897,0,1,1,NA,NA,NA,NA,NA,NA,NA,NA,NA,NA
898,0,1,1,NA,NA,NA,NA,NA,NA,NA,NA,NA,NA
899,0,1,1,NA,NA,NA,NA,NA,NA,NA,NA,NA,NA
900,0,0,1,NA,NA,NA,NA,NA,NA,NA,NA,NA,NA
901,0,1,1,NA,NA,NA,NA,NA,NA,NA,NA,NA,NA
902,0,1,1,NA,NA,NA,NA,NA,NA,NA,NA,NA,NA
903,0,1,1,NA,NA,NA,NA,NA,NA,NA,NA,NA,NA
904,0,1,0,NA,NA,NA,NA,NA,NA,NA,NA,NA,NA
905,0,1,1,NA,NA,NA,NA,NA,NA,NA,NA,NA,NA
906,0,1,1,NA,NA,NA,NA,NA,NA,NA,NA,NA,NA
907,0,1,1,NA,NA,NA,NA,NA,NA,NA,NA,NA,NA
908,0,1,1,NA,NA,NA,NA,NA,NA,NA,NA,NA,NA
909,0,1,1,NA,NA,NA,NA,NA,NA,NA,NA,NA,NA
910,0,1,1,NA,NA,NA,NA,NA,NA,NA,NA,NA,NA
911,0,1,1,NA,NA,NA,NA,NA,NA,NA,NA,NA,NA
912,0,1,1,NA,NA,NA,NA,NA,NA,NA,NA,NA,NA
913,0,0,1,NA,NA,NA,NA,NA,NA,NA,NA,NA,NA
914,0,1,1,NA,NA,NA,NA,NA,NA,NA,NA,NA,NA
915,0,1,0,NA,NA,NA,NA,NA,NA,NA,NA,NA,NA
916,0,1,1,NA,NA,NA,NA,NA,NA,NA,NA,NA,NA
917,1,1,1,NA,NA,NA,NA,NA,NA,NA,NA,NA,NA
918,0,0,1,NA,NA,NA,NA,NA,NA,NA,NA,NA,NA
919,1,1,1,NA,NA,NA,NA,NA,NA,NA,NA,NA,NA
920,0,1,1,NA,NA,NA,NA,NA,NA,NA,NA,NA,NA
921,0,1,1,NA,NA,NA,NA,NA,NA,NA,NA,NA,NA
922,0,1,1,NA,NA,NA,NA,NA,NA,NA,NA,NA,NA
923,0,1,1,NA,NA,NA,NA,NA,NA,NA,NA,NA,NA
924,0,1,1,NA,NA,NA,NA,NA,NA,NA,NA,NA,NA
925,0,1,0,NA,NA,NA,NA,NA,NA,NA,NA,NA,NA
926,0,1,1,NA,NA,NA,NA,NA,NA,NA,NA,NA,NA
927,1,1,1,NA,NA,NA,NA,NA,NA,NA,NA,NA,NA
928,0,1,0,NA,NA,NA,NA,NA,NA,NA,NA,NA,NA
929,0,1,1,NA,NA,NA,NA,NA,NA,NA,NA,NA,NA
930,0,1,1,NA,NA,NA,NA,NA,NA,NA,NA,NA,NA
931,0,1,1,NA,NA,NA,NA,NA,NA,NA,NA,NA,NA
932,0,1,1,NA,NA,NA,NA,NA,NA,NA,NA,NA,NA
933,1,0,1,NA,NA,NA,NA,NA,NA,NA,NA,NA,NA
934,0,1,0,NA,NA,NA,NA,NA,NA,NA,NA,NA,NA
935,0,1,1,NA,NA,NA,NA,NA,NA,NA,NA,NA,NA
936,0,1,1,NA,NA,NA,NA,NA,NA,NA,NA,NA,NA
937,0,1,0,NA,NA,NA,NA,NA,NA,NA,NA,NA,NA
938,0,1,1,NA,NA,NA,NA,NA,NA,NA,NA,NA,NA
939,1,1,1,NA,NA,NA,NA,NA,NA,NA,NA,NA,NA
940,0,0,0,NA,NA,NA,NA,NA,NA,NA,NA,NA,NA
941,0,1,1,NA,NA,NA,NA,NA,NA,NA,NA,NA,NA
942,0,1,1,NA,NA,NA,NA,NA,NA,NA,NA,NA,NA
943,0,1,1,NA,NA,NA,NA,NA,NA,NA,NA,NA,NA
944,1,1,1,NA,NA,NA,NA,NA,NA,NA,NA,NA,NA
945,0,1,1,NA,NA,NA,NA,NA,NA,NA,NA,NA,NA
946,1,1,1,NA,NA,NA,NA,NA,NA,NA,NA,NA,NA
947,0,1,0,NA,NA,NA,NA,NA,NA,NA,NA,NA,NA
948,0,1,0,NA,NA,NA,NA,NA,NA,NA,NA,NA,NA
949,0,1,1,NA,NA,NA,NA,NA,NA,NA,NA,NA,NA
950,0,1,1,NA,NA,NA,NA,NA,NA,NA,NA,NA,NA
951,0,1,1,NA,NA,NA,NA,NA,NA,NA,NA,NA,NA
952,0,1,1,NA,NA,NA,NA,NA,NA,NA,NA,NA,NA
953,0,1,0,NA,NA,NA,NA,NA,NA,NA,NA,NA,NA
954,1,1,1,NA,NA,NA,NA,NA,NA,NA,NA,NA,NA
955,0,1,1,NA,NA,NA,NA,NA,NA,NA,NA,NA,NA
956,0,1,1,NA,NA,NA,NA,NA,NA,NA,NA,NA,NA
957,0,1,1,NA,NA,NA,NA,NA,NA,NA,NA,NA,NA
958,0,1,1,NA,NA,NA,NA,NA,NA,NA,NA,NA,NA
959,0,0,1,NA,NA,NA,NA,NA,NA,NA,NA,NA,NA
960,0,1,1,NA,NA,NA,NA,NA,NA,NA,NA,NA,NA
961,0,1,1,NA,NA,NA,NA,NA,NA,NA,NA,NA,NA
962,0,1,0,NA,NA,NA,NA,NA,NA,NA,NA,NA,NA
963,0,1,0,NA,NA,NA,NA,NA,NA,NA,NA,NA,NA
964,0,0,1,NA,NA,NA,NA,NA,NA,NA,NA,NA,NA
965,0,1,1,NA,NA,NA,NA,NA,NA,NA,NA,NA,NA
966,0,1,1,NA,NA,NA,NA,NA,NA,NA,NA,NA,NA
967,0,1,1,NA,NA,NA,NA,NA,NA,NA,NA,NA,NA
968,0,0,0,NA,NA,NA,NA,NA,NA,NA,NA,NA,NA
969,0,1,1,NA,NA,NA,NA,NA,NA,NA,NA,NA,NA
970,0,1,0,NA,NA,NA,NA,NA,NA,NA,NA,NA,NA
971,0,0,NA,NA,NA,NA,NA,NA,NA,NA,NA,NA,NA
972,0,0,NA,NA,NA,NA,NA,NA,NA,NA,NA,NA,NA
973,0,0,NA,NA,NA,NA,NA,NA,NA,NA,NA,NA,NA
974,0,0,NA,NA,NA,NA,NA,NA,NA,NA,NA,NA,NA
975,0,0,NA,NA,NA,NA,NA,NA,NA,NA,NA,NA,NA
976,0,1,NA,NA,NA,NA,NA,NA,NA,NA,NA,NA,NA
977,1,1,NA,NA,NA,NA,NA,NA,NA,NA,NA,NA,NA
978,0,0,NA,NA,NA,NA,NA,NA,NA,NA,NA,NA,NA
979,0,0,NA,NA,NA,NA,NA,NA,NA,NA,NA,NA,NA
980,0,1,NA,NA,NA,NA,NA,NA,NA,NA,NA,NA,NA
981,0,1,NA,NA,NA,NA,NA,NA,NA,NA,NA,NA,NA
982,0,1,NA,NA,NA,NA,NA,NA,NA,NA,NA,NA,NA
983,0,1,NA,NA,NA,NA,NA,NA,NA,NA,NA,NA,NA
984,0,1,NA,NA,NA,NA,NA,NA,NA,NA,NA,NA,NA
985,0,1,NA,NA,NA,NA,NA,NA,NA,NA,NA,NA,NA
986,0,1,NA,NA,NA,NA,NA,NA,NA,NA,NA,NA,NA
987,0,1,NA,NA,NA,NA,NA,NA,NA,NA,NA,NA,NA
988,1,1,NA,NA,NA,NA,NA,NA,NA,NA,NA,NA,NA
989,0,1,NA,NA,NA,NA,NA,NA,NA,NA,NA,NA,NA
990,1,1,NA,NA,NA,NA,NA,NA,NA,NA,NA,NA,NA
991,0,1,NA,NA,NA,NA,NA,NA,NA,NA,NA,NA,NA
992,0,0,NA,NA,NA,NA,NA,NA,NA,NA,NA,NA,NA
993,0,0,NA,NA,NA,NA,NA,NA,NA,NA,NA,NA,NA
994,1,1,NA,NA,NA,NA,NA,NA,NA,NA,NA,NA,NA
995,0,1,NA,NA,NA,NA,NA,NA,NA,NA,NA,NA,NA
996,0,1,NA,NA,NA,NA,NA,NA,NA,NA,NA,NA,NA
997,0,1,NA,NA,NA,NA,NA,NA,NA,NA,NA,NA,NA
998,0,1,NA,NA,NA,NA,NA,NA,NA,NA,NA,NA,NA
999,0,1,NA,NA,NA,NA,NA,NA,NA,NA,NA,NA,NA
1000,0,1,NA,NA,NA,NA,NA,NA,NA,NA,NA,NA,NA
1001,0,1,NA,NA,NA,NA,NA,NA,NA,NA,NA,NA,NA
1002,0,1,NA,NA,NA,NA,NA,NA,NA,NA,NA,NA,NA
1003,1,0,NA,NA,NA,NA,NA,NA,NA,NA,NA,NA,NA
1004,0,1,NA,NA,NA,NA,NA,NA,NA,NA,NA,NA,NA
1005,0,0,NA,NA,NA,NA,NA,NA,NA,NA,NA,NA,NA
1006,0,1,NA,NA,NA,NA,NA,NA,NA,NA,NA,NA,NA
1007,0,0,NA,NA,NA,NA,NA,NA,NA,NA,NA,NA,NA
1008,0,1,NA,NA,NA,NA,NA,NA,NA,NA,NA,NA,NA
1009,0,1,NA,NA,NA,NA,NA,NA,NA,NA,NA,NA,NA
1010,0,1,NA,NA,NA,NA,NA,NA,NA,NA,NA,NA,NA
1011,0,1,NA,NA,NA,NA,NA,NA,NA,NA,NA,NA,NA
1012,0,1,NA,NA,NA,NA,NA,NA,NA,NA,NA,NA,NA
1013,0,1,NA,NA,NA,NA,NA,NA,NA,NA,NA,NA,NA
1014,0,1,NA,NA,NA,NA,NA,NA,NA,NA,NA,NA,NA
1015,0,0,NA,NA,NA,NA,NA,NA,NA,NA,NA,NA,NA
1016,0,0,NA,NA,NA,NA,NA,NA,NA,NA,NA,NA,NA
1017,0,0,NA,NA,NA,NA,NA,NA,NA,NA,NA,NA,NA
1018,0,0,NA,NA,NA,NA,NA,NA,NA,NA,NA,NA,NA
1019,0,0,NA,NA,NA,NA,NA,NA,NA,NA,NA,NA,NA
1020,0,0,NA,NA,NA,NA,NA,NA,NA,NA,NA,NA,NA
1021,0,0,NA,NA,NA,NA,NA,NA,NA,NA,NA,NA,NA
1022,0,0,NA,NA,NA,NA,NA,NA,NA,NA,NA,NA,NA
1023,0,0,NA,NA,NA,NA,NA,NA,NA,NA,NA,NA,NA
1024,0,0,NA,NA,NA,NA,NA,NA,NA,NA,NA,NA,NA
1025,0,0,NA,NA,NA,NA,NA,NA,NA,NA,NA,NA,NA
1026,1,0,NA,NA,NA,NA,NA,NA,NA,NA,NA,NA,NA
1027,0,0,NA,NA,NA,NA,NA,NA,NA,NA,NA,NA,NA
1028,0,0,NA,NA,NA,NA,NA,NA,NA,NA,NA,NA,NA
1029,0,0,NA,NA,NA,NA,NA,NA,NA,NA,NA,NA,NA
1030,0,1,NA,NA,NA,NA,NA,NA,NA,NA,NA,NA,NA
1031,0,0,NA,NA,NA,NA,NA,NA,NA,NA,NA,NA,NA
1032,0,0,NA,NA,NA,NA,NA,NA,NA,NA,NA,NA,NA
1033,0,1,NA,NA,NA,NA,NA,NA,NA,NA,NA,NA,NA
1034,0,1,NA,NA,NA,NA,NA,NA,NA,NA,NA,NA,NA
1035,1,1,NA,NA,NA,NA,NA,NA,NA,NA,NA,NA,NA
1036,0,0,NA,NA,NA,NA,NA,NA,NA,NA,NA,NA,NA
1037,0,1,NA,NA,NA,NA,NA,NA,NA,NA,NA,NA,NA
1038,0,0,NA,NA,NA,NA,NA,NA,NA,NA,NA,NA,NA
1039,0,0,NA,NA,NA,NA,NA,NA,NA,NA,NA,NA,NA
1040,0,1,NA,NA,NA,NA,NA,NA,NA,NA,NA,NA,NA
1041,0,1,NA,NA,NA,NA,NA,NA,NA,NA,NA,NA,NA
1042,0,1,NA,NA,NA,NA,NA,NA,NA,NA,NA,NA,NA
1043,0,0,NA,NA,NA,NA,NA,NA,NA,NA,NA,NA,NA
1044,0,1,NA,NA,NA,NA,NA,NA,NA,NA,NA,NA,NA
1045,0,0,NA,NA,NA,NA,NA,NA,NA,NA,NA,NA,NA
1046,0,1,NA,NA,NA,NA,NA,NA,NA,NA,NA,NA,NA
1047,0,1,NA,NA,NA,NA,NA,NA,NA,NA,NA,NA,NA
1048,0,1,NA,NA,NA,NA,NA,NA,NA,NA,NA,NA,NA
1049,0,1,NA,NA,NA,NA,NA,NA,NA,NA,NA,NA,NA
1050,0,1,NA,NA,NA,NA,NA,NA,NA,NA,NA,NA,NA
1051,0,1,NA,NA,NA,NA,NA,NA,NA,NA,NA,NA,NA
1052,0,1,NA,NA,NA,NA,NA,NA,NA,NA,NA,NA,NA
1053,0,1,NA,NA,NA,NA,NA,NA,NA,NA,NA,NA,NA
1054,0,1,NA,NA,NA,NA,NA,NA,NA,NA,NA,NA,NA
1055,0,1,NA,NA,NA,NA,NA,NA,NA,NA,NA,NA,NA
1056,0,0,NA,NA,NA,NA,NA,NA,NA,NA,NA,NA,NA
1057,0,1,NA,NA,NA,NA,NA,NA,NA,NA,NA,NA,NA
1058,0,1,NA,NA,NA,NA,NA,NA,NA,NA,NA,NA,NA
1059,0,1,NA,NA,NA,NA,NA,NA,NA,NA,NA,NA,NA
1060,0,1,NA,NA,NA,NA,NA,NA,NA,NA,NA,NA,NA
1061,0,1,NA,NA,NA,NA,NA,NA,NA,NA,NA,NA,NA
1062,0,1,NA,NA,NA,NA,NA,NA,NA,NA,NA,NA,NA
1063,0,1,NA,NA,NA,NA,NA,NA,NA,NA,NA,NA,NA
1064,0,0,NA,NA,NA,NA,NA,NA,NA,NA,NA,NA,NA
1065,0,1,NA,NA,NA,NA,NA,NA,NA,NA,NA,NA,NA
1066,0,1,NA,NA,NA,NA,NA,NA,NA,NA,NA,NA,NA
1067,0,1,NA,NA,NA,NA,NA,NA,NA,NA,NA,NA,NA
1068,1,1,NA,NA,NA,NA,NA,NA,NA,NA,NA,NA,NA
1069,0,1,NA,NA,NA,NA,NA,NA,NA,NA,NA,NA,NA
1070,0,1,NA,NA,NA,NA,NA,NA,NA,NA,NA,NA,NA
1071,0,0,NA,NA,NA,NA,NA,NA,NA,NA,NA,NA,NA
1072,0,1,NA,NA,NA,NA,NA,NA,NA,NA,NA,NA,NA
1073,0,1,NA,NA,NA,NA,NA,NA,NA,NA,NA,NA,NA
1074,1,1,NA,NA,NA,NA,NA,NA,NA,NA,NA,NA,NA
1075,0,1,NA,NA,NA,NA,NA,NA,NA,NA,NA,NA,NA
1076,0,1,NA,NA,NA,NA,NA,NA,NA,NA,NA,NA,NA
1077,0,NA,NA,NA,NA,NA,NA,NA,NA,NA,NA,NA,NA
1078,0,NA,NA,NA,NA,NA,NA,NA,NA,NA,NA,NA,NA
1079,0,NA,NA,NA,NA,NA,NA,NA,NA,NA,NA,NA,NA
1080,0,NA,NA,NA,NA,NA,NA,NA,NA,NA,NA,NA,NA
1081,0,NA,NA,NA,NA,NA,NA,NA,NA,NA,NA,NA,NA
1082,0,NA,NA,NA,NA,NA,NA,NA,NA,NA,NA,NA,NA
1083,0,NA,NA,NA,NA,NA,NA,NA,NA,NA,NA,NA,NA
1084,0,NA,NA,NA,NA,NA,NA,NA,NA,NA,NA,NA,NA
1085,1,NA,NA,NA,NA,NA,NA,NA,NA,NA,NA,NA,NA
1086,1,NA,NA,NA,NA,NA,NA,NA,NA,NA,NA,NA,NA
1087,0,NA,NA,NA,NA,NA,NA,NA,NA,NA,NA,NA,NA
1088,0,NA,NA,NA,NA,NA,NA,NA,NA,NA,NA,NA,NA
1089,0,NA,NA,NA,NA,NA,NA,NA,NA,NA,NA,NA,NA
1090,0,NA,NA,NA,NA,NA,NA,NA,NA,NA,NA,NA,NA
1091,0,NA,NA,NA,NA,NA,NA,NA,NA,NA,NA,NA,NA
1092,0,NA,NA,NA,NA,NA,NA,NA,NA,NA,NA,NA,NA
1093,1,NA,NA,NA,NA,NA,NA,NA,NA,NA,NA,NA,NA
1094,0,NA,NA,NA,NA,NA,NA,NA,NA,NA,NA,NA,NA
1095,0,NA,NA,NA,NA,NA,NA,NA,NA,NA,NA,NA,NA
1096,0,NA,NA,NA,NA,NA,NA,NA,NA,NA,NA,NA,NA
1097,0,NA,NA,NA,NA,NA,NA,NA,NA,NA,NA,NA,NA
1098,0,NA,NA,NA,NA,NA,NA,NA,NA,NA,NA,NA,NA
1099,0,NA,NA,NA,NA,NA,NA,NA,NA,NA,NA,NA,NA
1100,0,NA,NA,NA,NA,NA,NA,NA,NA,NA,NA,NA,NA
1101,0,NA,NA,NA,NA,NA,NA,NA,NA,NA,NA,NA,NA
1102,0,NA,NA,NA,NA,NA,NA,NA,NA,NA,NA,NA,NA
1103,0,NA,NA,NA,NA,NA,NA,NA,NA,NA,NA,NA,NA
1104,0,NA,NA,NA,NA,NA,NA,NA,NA,NA,NA,NA,NA
1105,NA,1,1,1,1,1,1,1,0,0,1,1,1
1106,NA,1,1,1,1,1,1,1,0,1,1,1,1
1107,NA,1,0,1,1,1,1,1,0,0,0,1,1
1108,NA,1,0,1,1,1,1,1,0,0,1,1,1
1109,NA,1,0,1,1,1,1,1,0,0,1,1,1
1110,NA,1,1,1,1,0,1,0,0,0,1,1,1
1111,NA,1,1,1,1,1,1,1,0,0,1,1,0
1112,NA,1,0,1,1,0,1,1,0,1,1,0,0
1113,NA,1,0,1,1,1,1,1,0,0,1,1,1
1114,NA,0,1,1,1,1,1,1,0,0,1,1,0
1115,NA,NA,0,1,1,1,1,1,0,0,1,1,1
1116,NA,NA,1,1,1,1,1,1,0,0,1,1,1
1117,NA,NA,1,1,1,1,0,1,0,0,1,0,1
1118,NA,NA,1,1,1,1,1,1,0,1,1,1,1
1119,NA,NA,1,1,1,1,1,1,0,0,1,0,1
1120,NA,NA,1,1,1,1,1,0,0,0,1,0,1
1121,NA,NA,0,0,0,1,0,1,0,0,1,0,1
1122,NA,NA,1,1,1,1,1,1,0,0,1,1,1
1123,NA,NA,1,1,1,1,1,1,0,0,1,1,1
1124,NA,NA,1,1,1,1,1,1,0,0,1,1,1
1125,NA,NA,1,0,1,1,1,1,0,1,1,1,1
1126,NA,NA,1,1,1,1,1,1,0,0,1,1,1
1127,NA,NA,0,1,1,1,1,1,0,0,1,1,1
1128,NA,NA,1,1,1,1,1,1,0,0,1,1,1
1129,NA,NA,0,1,1,0,0,0,0,0,1,1,1
1130,NA,NA,0,1,1,1,1,0,0,0,0,1,1
1131,NA,NA,0,1,1,1,0,1,1,0,0,0,0
1132,NA,NA,1,1,1,1,1,1,0,0,1,1,1
1133,NA,NA,1,1,1,1,1,0,0,0,1,1,1
1134,NA,NA,NA,1,1,1,1,1,0,0,1,1,1
1135,NA,NA,NA,1,0,1,1,1,0,0,1,0,1
1136,NA,NA,NA,1,1,1,1,0,0,0,1,1,1
1137,NA,NA,NA,1,1,1,0,1,1,0,1,1,1
1138,NA,NA,NA,1,1,1,1,1,0,0,1,1,1
1139,NA,NA,NA,0,1,1,1,1,0,0,1,1,1
1140,NA,NA,NA,1,1,1,0,1,0,0,1,1,1
1141,NA,NA,NA,1,1,1,1,1,1,0,1,1,1
1142,NA,NA,NA,1,0,1,1,1,0,0,1,1,1
1143,NA,NA,NA,1,0,0,1,1,0,0,1,1,1
1144,NA,NA,NA,1,1,1,1,1,0,0,1,0,1
1145,NA,NA,NA,1,1,1,0,1,0,0,1,1,1
1146,NA,NA,NA,0,1,1,1,1,0,0,1,1,1
1147,NA,NA,NA,1,1,1,1,1,0,0,1,1,1
1148,NA,NA,NA,1,1,1,1,1,0,0,1,1,1
1149,NA,NA,NA,0,0,1,1,1,0,0,1,1,1
1150,NA,NA,NA,1,1,1,1,1,0,0,1,1,1
1151,NA,NA,NA,0,0,0,0,0,0,0,0,0,0
1152,NA,NA,NA,0,1,1,0,1,0,0,0,0,0
1153,NA,NA,NA,1,1,1,1,1,0,1,1,1,1
1154,NA,NA,NA,1,1,1,1,1,0,0,1,0,1
1155,NA,NA,NA,1,1,1,1,1,0,1,1,1,1
1156,NA,NA,NA,1,1,1,1,1,0,0,1,1,1
1157,NA,NA,NA,0,0,0,0,0,0,0,0,0,0
1158,NA,NA,NA,1,1,1,1,1,0,0,1,1,1
1159,NA,NA,NA,0,0,0,0,0,0,0,0,0,0
1160,NA,NA,NA,1,1,1,0,1,0,0,1,1,1
1161,NA,NA,NA,1,1,1,1,1,0,0,1,1,1
1162,NA,NA,NA,0,0,1,1,0,0,0,1,1,1
1163,NA,NA,NA,0,0,0,1,0,0,0,0,1,1
1164,NA,NA,NA,1,1,1,1,1,0,0,1,1,1
1165,NA,NA,NA,1,1,1,0,1,0,0,1,1,1
1166,NA,NA,NA,1,1,1,0,1,0,0,1,1,1
1167,NA,NA,NA,1,1,1,1,1,0,0,1,1,1
1168,NA,NA,NA,1,1,1,0,1,0,0,1,0,1
1169,NA,NA,NA,1,1,1,1,1,0,1,1,1,1
1170,NA,NA,NA,1,1,1,1,1,0,0,1,1,1
1171,NA,NA,NA,1,1,1,0,1,0,0,1,1,1
1172,NA,NA,NA,1,1,1,0,0,0,0,0,1,1
1173,NA,NA,NA,1,1,1,1,1,0,0,1,1,1
1174,NA,NA,NA,1,0,1,0,0,0,0,1,1,1
1175,NA,NA,NA,1,1,1,1,1,0,0,1,1,1
1176,NA,NA,NA,1,1,1,1,1,0,0,0,1,1
1177,NA,NA,NA,0,1,1,0,1,0,0,1,1,1
1178,NA,NA,NA,1,1,1,1,1,0,0,1,1,1
1179,NA,NA,NA,1,1,1,1,0,0,0,1,1,1
1180,NA,NA,NA,1,1,1,1,1,0,0,0,0,1
1181,NA,NA,NA,1,1,1,1,0,0,0,0,0,1
1182,NA,NA,NA,1,1,0,1,0,0,0,1,1,1
1183,NA,NA,NA,1,0,1,1,1,0,0,1,1,1
1184,NA,NA,NA,0,0,0,0,0,0,0,1,0,1
1185,NA,NA,NA,0,0,0,0,0,0,0,0,0,0
1186,NA,NA,NA,1,0,1,1,1,0,0,1,1,1
1187,NA,NA,NA,1,1,1,1,1,0,0,1,1,1
1188,NA,NA,NA,1,0,0,1,1,0,0,1,1,1
1189,NA,NA,NA,1,1,1,0,1,0,0,1,1,0
1190,NA,NA,NA,0,0,0,0,1,0,0,1,0,1
1191,NA,NA,NA,1,0,1,0,0,0,0,1,1,1
1192,NA,NA,NA,1,1,1,1,1,0,0,1,1,1
1193,NA,NA,NA,1,1,1,1,0,1,0,1,1,1
1194,NA,NA,NA,1,1,1,1,1,0,0,1,1,1
1195,NA,NA,NA,1,1,0,1,1,0,0,1,1,1
1196,NA,NA,NA,NA,0,0,0,1,0,0,1,0,1
1197,NA,NA,NA,NA,1,1,1,1,0,0,1,1,1
1198,NA,NA,NA,NA,1,1,0,1,0,0,1,1,0
1199,NA,NA,NA,NA,1,1,1,1,0,0,1,1,0
1200,NA,NA,NA,NA,0,1,0,1,0,0,1,0,0
1201,NA,NA,NA,NA,0,1,1,0,0,0,0,1,1
1202,NA,NA,NA,NA,0,0,1,1,0,0,1,0,1
1203,NA,NA,NA,NA,1,1,1,0,0,0,1,1,1
1204,NA,NA,NA,NA,0,1,0,0,0,0,0,0,1
1205,NA,NA,NA,NA,0,1,0,1,0,0,1,0,1
1206,NA,NA,NA,NA,NA,1,1,1,0,0,1,1,1
1207,NA,NA,NA,NA,NA,NA,1,1,0,0,1,1,1
1208,NA,NA,NA,NA,NA,NA,1,0,0,0,1,1,1
1209,NA,NA,NA,NA,NA,NA,0,1,0,0,0,0,1
1210,NA,NA,NA,NA,NA,NA,1,1,0,0,1,0,1
1211,NA,NA,NA,NA,NA,NA,1,1,0,1,1,1,1
1212,NA,NA,NA,NA,NA,NA,0,1,1,1,1,1,1
1213,NA,NA,NA,NA,NA,NA,1,1,0,0,1,1,1
1214,NA,NA,NA,NA,NA,NA,0,0,0,0,0,0,0
1215,NA,NA,NA,NA,NA,NA,0,1,1,0,1,0,1
1216,NA,NA,NA,NA,NA,NA,0,1,0,0,1,1,1
1217,NA,NA,NA,NA,NA,NA,0,1,0,0,1,1,1
1218,NA,NA,NA,NA,NA,NA,0,1,0,0,1,0,1
1219,NA,NA,NA,NA,NA,NA,0,1,0,0,1,1,1
1220,NA,NA,NA,NA,NA,NA,0,1,1,0,1,1,0
1221,NA,NA,NA,NA,NA,NA,0,1,1,0,0,0,1
1222,NA,NA,NA,NA,NA,NA,0,1,0,0,1,0,0
1223,NA,NA,NA,NA,NA,NA,0,1,0,0,1,0,1
1224,NA,NA,NA,NA,NA,NA,0,1,0,0,1,1,0
1225,NA,NA,NA,NA,NA,NA,0,0,0,0,1,1,1
1226,NA,NA,NA,NA,NA,NA,0,0,0,0,1,1,1
1227,NA,NA,NA,NA,NA,NA,0,1,0,0,0,1,1
1228,NA,NA,NA,NA,NA,NA,0,1,0,0,1,1,1
1229,NA,NA,NA,NA,NA,NA,0,0,0,0,0,0,0
1230,NA,NA,NA,NA,NA,NA,0,0,0,0,0,0,0
1231,NA,NA,NA,NA,NA,NA,0,1,0,0,1,1,1
1232,NA,NA,NA,NA,NA,NA,0,1,0,0,1,1,1
1233,NA,NA,NA,NA,NA,NA,0,1,1,0,0,0,1
1234,NA,NA,NA,NA,NA,NA,0,1,0,0,0,0,1
1235,NA,NA,NA,NA,NA,NA,0,1,0,1,1,0,1
1236,NA,NA,NA,NA,NA,NA,0,1,0,0,1,1,1
1237,NA,NA,NA,NA,NA,NA,0,1,0,0,0,0,0
1238,NA,NA,NA,NA,NA,NA,0,1,0,0,1,1,1
1239,NA,NA,NA,NA,NA,NA,0,0,0,0,0,0,0
1240,NA,NA,NA,NA,NA,NA,0,1,0,0,0,0,1
1241,NA,NA,NA,NA,NA,NA,0,1,0,0,0,0,0
1242,NA,NA,NA,NA,NA,NA,0,0,0,0,0,0,0
1243,NA,NA,NA,NA,NA,NA,0,0,0,0,1,1,1
1244,NA,NA,NA,NA,NA,NA,0,1,0,0,1,1,1
1245,NA,NA,NA,NA,NA,NA,0,1,0,0,1,1,1
1246,NA,NA,NA,NA,NA,NA,0,1,0,1,1,1,1
1247,NA,NA,NA,NA,NA,NA,0,1,0,0,0,0,0
1248,NA,NA,NA,NA,NA,NA,0,1,0,0,1,0,0
1249,NA,NA,NA,NA,NA,NA,0,1,0,0,1,1,0
1250,NA,NA,NA,NA,NA,NA,0,0,0,0,1,0,1
1251,NA,NA,NA,NA,NA,NA,0,0,1,0,0,0,1
1252,NA,NA,NA,NA,NA,NA,1,1,0,0,1,1,1
1253,NA,NA,NA,NA,NA,NA,0,1,0,0,0,0,0
1254,NA,NA,NA,NA,NA,NA,1,0,0,0,1,1,1
1255,NA,NA,NA,NA,NA,NA,0,0,0,0,1,0,0
1256,NA,NA,NA,NA,NA,NA,0,1,0,0,1,0,0
1257,NA,NA,NA,NA,NA,NA,0,1,0,0,0,0,1
1258,NA,NA,NA,NA,NA,NA,0,1,0,0,0,0,0
1259,NA,NA,NA,NA,NA,NA,0,0,0,0,1,0,0
1260,NA,NA,NA,NA,NA,NA,0,1,0,0,1,0,1
1261,NA,NA,NA,NA,NA,NA,0,1,0,0,1,1,1
1262,NA,NA,NA,NA,NA,NA,0,1,0,0,1,1,1
1263,NA,NA,NA,NA,NA,NA,0,1,0,0,1,1,1
1264,NA,NA,NA,NA,NA,NA,0,1,0,0,1,0,1
1265,NA,NA,NA,NA,NA,NA,0,0,0,0,0,0,0
1266,NA,NA,NA,NA,NA,NA,0,0,0,0,0,0,1
1267,NA,NA,NA,NA,NA,NA,0,1,0,0,0,0,1
1268,NA,NA,NA,NA,NA,NA,0,1,0,0,1,0,1
1269,NA,NA,NA,NA,NA,NA,0,0,1,0,0,0,0
1270,NA,NA,NA,NA,NA,NA,0,0,0,0,0,0,0
1271,NA,NA,NA,NA,NA,NA,0,1,0,0,0,0,1
1272,NA,NA,NA,NA,NA,NA,0,1,0,0,1,1,1
1273,NA,NA,NA,NA,NA,NA,0,1,0,0,1,1,1
1274,NA,NA,NA,NA,NA,NA,0,1,0,0,1,1,1
1275,NA,NA,NA,NA,NA,NA,0,1,0,0,1,1,1
1276,NA,NA,NA,NA,NA,NA,0,1,1,1,1,1,1
1277,NA,NA,NA,NA,NA,NA,0,0,0,0,0,1,1
1278,NA,NA,NA,NA,NA,NA,0,0,0,0,1,1,0
1279,NA,NA,NA,NA,NA,NA,0,1,0,1,1,0,1
1280,NA,NA,NA,NA,NA,NA,0,0,0,0,0,0,1
1281,NA,NA,NA,NA,NA,NA,0,0,0,0,0,0,0
1282,NA,NA,NA,NA,NA,NA,0,1,0,0,1,0,0
1283,NA,NA,NA,NA,NA,NA,0,0,0,0,1,0,1
1284,NA,NA,NA,NA,NA,NA,0,1,0,0,1,1,1
1285,NA,NA,NA,NA,NA,NA,0,1,0,0,1,1,1
1286,NA,NA,NA,NA,NA,NA,0,0,0,0,1,0,1
1287,NA,NA,NA,NA,NA,NA,0,1,0,0,1,1,1
1288,NA,NA,NA,NA,NA,NA,0,1,0,0,0,0,1
1289,NA,NA,NA,NA,NA,NA,0,1,0,0,1,1,1
1290,NA,NA,NA,NA,NA,NA,0,0,0,0,1,1,1
1291,NA,NA,NA,NA,NA,NA,0,1,0,0,0,0,1
1292,NA,NA,NA,NA,NA,NA,0,0,0,0,0,0,1
1293,NA,NA,NA,NA,NA,NA,0,1,0,1,1,1,1
1294,NA,NA,NA,NA,NA,NA,0,1,0,0,1,1,1
1295,NA,NA,NA,NA,NA,NA,0,1,0,0,1,1,1
1296,NA,NA,NA,NA,NA,NA,0,0,0,0,0,0,0
1297,NA,NA,NA,NA,NA,NA,0,1,0,0,1,1,1
1298,NA,NA,NA,NA,NA,NA,0,1,0,0,1,1,1
1299,NA,NA,NA,NA,NA,NA,NA,0,0,0,1,1,1
1300,NA,NA,NA,NA,NA,NA,NA,1,0,0,1,0,1
1301,NA,NA,NA,NA,NA,NA,NA,1,0,0,1,1,1
1302,NA,NA,NA,NA,NA,NA,NA,1,0,0,1,1,1
1303,NA,NA,NA,NA,NA,NA,NA,1,0,0,1,1,1
1304,NA,NA,NA,NA,NA,NA,NA,1,0,0,0,0,1
1305,NA,NA,NA,NA,NA,NA,NA,0,0,0,1,1,1
1306,NA,NA,NA,NA,NA,NA,NA,1,0,0,1,1,1
1307,NA,NA,NA,NA,NA,NA,NA,0,0,0,1,1,1
1308,NA,NA,NA,NA,NA,NA,NA,1,0,0,1,1,1
1309,NA,NA,NA,NA,NA,NA,NA,1,0,0,1,0,1
1310,NA,NA,NA,NA,NA,NA,NA,1,0,0,1,0,1
1311,NA,NA,NA,NA,NA,NA,NA,1,0,0,1,1,0
1312,NA,NA,NA,NA,NA,NA,NA,1,0,0,1,1,1
1313,NA,NA,NA,NA,NA,NA,NA,0,0,0,0,0,0
1314,NA,NA,NA,NA,NA,NA,NA,0,0,0,1,1,1
1315,NA,NA,NA,NA,NA,NA,NA,1,0,0,1,1,0
1316,NA,NA,NA,NA,NA,NA,NA,1,0,0,1,1,1
1317,NA,NA,NA,NA,NA,NA,NA,NA,0,0,1,1,1
1318,NA,NA,NA,NA,NA,NA,NA,NA,0,0,1,1,1
1319,NA,NA,NA,NA,NA,NA,NA,NA,0,0,1,1,1
1320,NA,NA,NA,NA,NA,NA,NA,NA,0,0,1,1,1
1321,NA,NA,NA,NA,NA,NA,NA,NA,0,0,1,1,1
1322,NA,NA,NA,NA,NA,NA,NA,NA,NA,0,1,1,1
1323,NA,NA,NA,NA,NA,NA,NA,NA,NA,0,1,0,1
1324,NA,NA,NA,NA,NA,NA,NA,NA,NA,0,1,1,1
1325,NA,NA,NA,NA,NA,NA,NA,NA,NA,NA,1,1,1
1326,NA,NA,NA,NA,NA,NA,NA,NA,NA,NA,1,1,1
1327,NA,NA,NA,NA,NA,NA,NA,NA,NA,NA,1,1,1
1328,NA,NA,NA,NA,NA,NA,NA,NA,NA,NA,1,1,1
1329,NA,NA,NA,NA,NA,NA,NA,NA,NA,NA,1,1,1
1330,NA,NA,NA,NA,NA,NA,NA,NA,NA,NA,1,0,1
1331,NA,NA,NA,NA,NA,NA,NA,NA,NA,NA,1,0,1
1332,NA,NA,NA,NA,NA,NA,NA,NA,NA,NA,1,1,1
1333,NA,NA,NA,NA,NA,NA,NA,NA,NA,NA,0,1,1
1334,NA,NA,NA,NA,NA,NA,NA,NA,NA,NA,1,1,1
1335,NA,NA,NA,NA,NA,NA,NA,NA,NA,NA,1,1,1
1336,NA,NA,NA,NA,NA,NA,NA,NA,NA,NA,1,1,1
1337,NA,NA,NA,NA,NA,NA,NA,NA,NA,NA,1,1,1
1338,NA,NA,NA,NA,NA,NA,NA,NA,NA,NA,1,0,1
1339,NA,NA,NA,NA,NA,NA,NA,NA,NA,NA,1,1,0
1340,NA,NA,NA,NA,NA,NA,NA,NA,NA,NA,1,1,1
1341,NA,NA,NA,NA,NA,NA,NA,NA,NA,NA,1,0,1
1342,NA,NA,NA,NA,NA,NA,NA,NA,NA,NA,1,1,1
1343,NA,NA,NA,NA,NA,NA,NA,NA,NA,NA,1,1,1
1344,NA,NA,NA,NA,NA,NA,NA,NA,NA,NA,0,1,1
1345,NA,NA,NA,NA,NA,NA,NA,NA,NA,NA,1,1,1
1346,NA,NA,NA,NA,NA,NA,NA,NA,NA,NA,1,1,1
1347,NA,NA,NA,NA,NA,NA,NA,NA,NA,NA,1,1,1
1348,NA,NA,NA,NA,NA,NA,NA,NA,NA,NA,1,1,1
1349,NA,NA,NA,NA,NA,NA,NA,NA,NA,NA,1,1,1
1350,NA,NA,NA,NA,NA,NA,NA,NA,NA,NA,1,1,1
1351,NA,NA,NA,NA,NA,NA,NA,NA,NA,NA,1,1,1
1352,NA,NA,NA,NA,NA,NA,NA,NA,NA,NA,1,1,1
1353,NA,NA,NA,NA,NA,NA,NA,NA,NA,NA,0,0,1
1354,NA,NA,NA,NA,NA,NA,NA,NA,NA,NA,0,1,1
1355,NA,NA,NA,NA,NA,NA,NA,NA,NA,NA,1,1,1
1356,NA,NA,NA,NA,NA,NA,NA,NA,NA,NA,1,1,1
1357,NA,NA,NA,NA,NA,NA,NA,NA,NA,NA,1,0,1
1358,NA,NA,NA,NA,NA,NA,NA,NA,NA,NA,1,1,1
1359,NA,NA,NA,NA,NA,NA,NA,NA,NA,NA,0,0,0
1360,NA,NA,NA,NA,NA,NA,NA,NA,NA,NA,1,1,1
1361,NA,NA,NA,NA,NA,NA,NA,NA,NA,NA,1,1,0
1362,NA,NA,NA,NA,NA,NA,NA,NA,NA,NA,1,1,1
1363,NA,NA,NA,NA,NA,NA,NA,NA,NA,NA,1,0,1
1364,NA,NA,NA,NA,NA,NA,NA,NA,NA,NA,0,1,1
1365,NA,NA,NA,NA,NA,NA,NA,NA,NA,NA,1,0,1
1366,NA,NA,NA,NA,NA,NA,NA,NA,NA,NA,1,1,1
1367,NA,NA,NA,NA,NA,NA,NA,NA,NA,NA,1,1,1
1368,NA,NA,NA,NA,NA,NA,NA,NA,NA,NA,1,1,1
1369,NA,NA,NA,NA,NA,NA,NA,NA,NA,NA,NA,1,1
1370,NA,NA,NA,NA,NA,NA,NA,NA,NA,NA,NA,1,1
1371,NA,NA,NA,NA,NA,NA,NA,NA,NA,NA,NA,1,1
1372,NA,NA,NA,NA,NA,NA,NA,NA,NA,NA,NA,1,1
1373,NA,NA,NA,NA,NA,NA,NA,NA,NA,NA,NA,1,1
1374,NA,NA,NA,NA,NA,NA,NA,NA,NA,NA,NA,1,1
1375,NA,NA,NA,NA,NA,NA,NA,NA,NA,NA,NA,1,1
1376,NA,NA,NA,NA,NA,NA,NA,NA,NA,NA,NA,1,1
1377,NA,NA,NA,NA,NA,NA,NA,NA,NA,NA,NA,1,1
1378,NA,NA,NA,NA,NA,NA,NA,NA,NA,NA,NA,1,1
1379,NA,NA,NA,NA,NA,NA,NA,NA,NA,NA,NA,1,1
1380,NA,NA,NA,NA,NA,NA,NA,NA,NA,NA,NA,1,1
1381,NA,NA,NA,NA,NA,NA,NA,NA,NA,NA,NA,1,1
1382,NA,NA,NA,NA,NA,NA,NA,NA,NA,NA,NA,0,1
1383,NA,NA,NA,NA,NA,NA,NA,NA,NA,NA,NA,0,0
1384,NA,NA,NA,NA,NA,NA,NA,NA,NA,NA,NA,0,1
1385,NA,NA,NA,NA,NA,NA,NA,NA,NA,NA,NA,0,0
1386,NA,NA,NA,NA,NA,NA,NA,NA,NA,NA,NA,1,1
1387,NA,NA,NA,NA,NA,NA,NA,NA,NA,NA,NA,1,1
1388,NA,NA,NA,NA,NA,NA,NA,NA,NA,NA,NA,0,0
1389,NA,NA,NA,NA,NA,NA,NA,NA,NA,NA,NA,0,1
1390,NA,NA,NA,NA,NA,NA,NA,NA,NA,NA,NA,1,1
1391,NA,NA,NA,NA,NA,NA,NA,NA,NA,NA,NA,1,1
1392,NA,NA,NA,NA,NA,NA,NA,NA,NA,NA,NA,1,1
1393,NA,NA,NA,NA,NA,NA,NA,NA,NA,NA,NA,1,1
1394,NA,NA,NA,NA,NA,NA,NA,NA,NA,NA,NA,0,0
1395,NA,NA,NA,NA,NA,NA,NA,NA,NA,NA,NA,1,1
1396,NA,NA,NA,NA,NA,NA,NA,NA,NA,NA,NA,1,1
1397,NA,NA,NA,NA,NA,NA,NA,NA,NA,NA,NA,1,1
1398,NA,NA,NA,NA,NA,NA,NA,NA,NA,NA,NA,1,1
1399,NA,NA,NA,NA,NA,NA,NA,NA,NA,NA,NA,1,1
1400,NA,NA,NA,NA,NA,NA,NA,NA,NA,NA,NA,1,1
1401,NA,NA,NA,NA,NA,NA,NA,NA,NA,NA,NA,1,1
1402,NA,NA,NA,NA,NA,NA,NA,NA,NA,NA,NA,0,0
1403,NA,NA,NA,NA,NA,NA,NA,NA,NA,NA,NA,0,1
1404,NA,NA,NA,NA,NA,NA,NA,NA,NA,NA,NA,0,1
1405,NA,NA,NA,NA,NA,NA,NA,NA,NA,NA,NA,1,1
1406,NA,NA,NA,NA,NA,NA,NA,NA,NA,NA,NA,1,1
1407,NA,NA,NA,NA,NA,NA,NA,NA,NA,NA,NA,0,0
1408,NA,NA,NA,NA,NA,NA,NA,NA,NA,NA,NA,1,1
1409,NA,NA,NA,NA,NA,NA,NA,NA,NA,NA,NA,1,1
1410,NA,NA,NA,NA,NA,NA,NA,NA,NA,NA,NA,1,0
1411,NA,NA,NA,NA,NA,NA,NA,NA,NA,NA,NA,0,0
1412,NA,NA,NA,NA,NA,NA,NA,NA,NA,NA,NA,0,0
1413,NA,NA,NA,NA,NA,NA,NA,NA,NA,NA,NA,1,1
1414,NA,NA,NA,NA,NA,NA,NA,NA,NA,NA,NA,0,0
1415,NA,NA,NA,NA,NA,NA,NA,NA,NA,NA,NA,0,1
1416,NA,NA,NA,NA,NA,NA,NA,NA,NA,NA,NA,0,0
1417,NA,NA,NA,NA,NA,NA,NA,NA,NA,NA,NA,1,1
1418,NA,NA,NA,NA,NA,NA,NA,NA,NA,NA,NA,NA,0
1419,NA,NA,NA,NA,NA,NA,NA,NA,NA,NA,NA,NA,1
1420,NA,NA,NA,NA,NA,NA,NA,NA,NA,NA,NA,NA,1
1421,NA,NA,NA,NA,NA,NA,NA,NA,NA,NA,NA,NA,1
1422,NA,NA,NA,NA,NA,NA,NA,NA,NA,NA,NA,NA,1
1423,NA,NA,NA,NA,NA,NA,NA,NA,NA,NA,NA,NA,1
1424,NA,NA,NA,NA,NA,NA,NA,NA,NA,NA,NA,NA,1
1425,NA,NA,NA,NA,NA,NA,NA,NA,NA,NA,NA,NA,1
1426,NA,NA,NA,NA,NA,NA,NA,NA,NA,NA,NA,NA,0
1427,NA,NA,NA,NA,NA,NA,NA,NA,NA,NA,NA,NA,0
1428,NA,NA,NA,NA,NA,NA,NA,NA,NA,NA,NA,NA,1
1429,NA,NA,NA,NA,NA,NA,NA,NA,NA,NA,NA,NA,1
1430,NA,NA,NA,NA,NA,NA,NA,NA,NA,NA,NA,NA,1
1431,NA,NA,NA,NA,NA,NA,NA,NA,NA,NA,NA,NA,1
1432,NA,NA,NA,NA,NA,NA,NA,NA,NA,NA,NA,NA,1
1433,NA,NA,NA,NA,NA,NA,NA,NA,NA,NA,NA,NA,1
1434,NA,NA,NA,NA,NA,NA,NA,NA,NA,NA,NA,NA,1
1435,NA,NA,NA,NA,NA,NA,NA,NA,NA,NA,NA,NA,1
1436,NA,NA,NA,NA,NA,NA,NA,NA,NA,NA,NA,NA,1
1437,NA,NA,NA,NA,NA,NA,NA,NA,NA,NA,NA,NA,1
1438,NA,NA,NA,NA,NA,NA,NA,NA,NA,NA,NA,NA,1
1439,NA,NA,NA,NA,NA,NA,NA,NA,NA,NA,NA,NA,1
1440,NA,NA,NA,NA,NA,NA,NA,NA,NA,NA,NA,NA,1
1441,NA,NA,NA,NA,NA,NA,NA,NA,NA,NA,NA,NA,1
1442,NA,NA,NA,NA,NA,NA,NA,NA,NA,NA,NA,NA,1
1443,NA,NA,NA,NA,NA,NA,NA,NA,NA,NA,NA,NA,1
1444,NA,NA,NA,NA,NA,NA,NA,NA,NA,NA,NA,NA,1
1445,NA,NA,NA,NA,NA,NA,NA,NA,NA,NA,NA,NA,0
1446,NA,NA,NA,NA,NA,NA,NA,NA,NA,NA,NA,NA,1
1447,NA,1,1,1,1,1,1,0,0,0,1,1,NA
1448,NA,0,0,0,0,0,1,1,0,0,1,1,NA
1449,NA,0,1,1,1,1,1,1,0,0,1,1,NA
1450,NA,1,1,1,1,1,0,1,0,0,1,1,NA
1451,NA,1,1,1,1,1,1,1,0,0,1,NA,NA
1452,NA,1,1,1,1,1,1,1,0,0,1,NA,NA
1453,NA,1,1,1,1,1,1,1,0,0,1,NA,NA
1454,NA,0,0,1,1,1,1,1,0,0,1,NA,NA
1455,NA,1,1,1,1,1,1,1,0,0,1,NA,NA
1456,NA,1,0,1,1,1,1,1,0,0,1,NA,NA
1457,NA,1,0,1,0,1,1,1,0,0,1,NA,NA
1458,NA,0,1,1,1,1,1,1,0,1,NA,NA,NA
1459,NA,1,0,1,1,1,1,0,0,0,NA,NA,NA
1460,NA,1,1,1,0,0,1,1,1,0,NA,NA,NA
1461,NA,1,1,1,1,1,1,1,0,0,NA,NA,NA
1462,NA,1,1,1,1,1,0,1,0,0,NA,NA,NA
1463,NA,1,1,1,0,1,0,0,0,0,NA,NA,NA
1464,NA,0,1,0,1,1,1,1,1,0,NA,NA,NA
1465,NA,1,1,1,1,1,1,1,0,0,NA,NA,NA
1466,NA,1,1,1,0,0,1,1,0,0,NA,NA,NA
1467,NA,0,1,0,0,0,0,1,0,0,NA,NA,NA
1468,NA,0,1,1,0,1,0,0,0,NA,NA,NA,NA
1469,NA,1,0,0,0,0,0,0,0,NA,NA,NA,NA
1470,NA,1,1,1,0,1,1,0,0,NA,NA,NA,NA
1471,NA,0,1,1,1,0,1,0,0,NA,NA,NA,NA
1472,NA,0,0,0,0,0,0,0,0,NA,NA,NA,NA
1473,NA,1,1,1,1,1,1,1,0,NA,NA,NA,NA
1474,NA,1,1,1,0,1,0,0,0,NA,NA,NA,NA
1475,NA,1,1,1,1,1,0,0,0,NA,NA,NA,NA
1476,NA,1,1,0,1,1,1,1,0,NA,NA,NA,NA
1477,NA,1,1,1,0,0,0,0,NA,NA,NA,NA,NA
1478,NA,1,1,1,1,1,0,NA,NA,NA,NA,NA,NA
1479,NA,1,0,0,1,1,0,NA,NA,NA,NA,NA,NA
1480,NA,1,1,1,0,1,0,NA,NA,NA,NA,NA,NA
1481,NA,1,1,1,1,1,0,NA,NA,NA,NA,NA,NA
1482,NA,1,1,1,0,1,0,NA,NA,NA,NA,NA,NA
1483,NA,1,0,0,0,1,0,NA,NA,NA,NA,NA,NA
1484,NA,0,1,0,0,0,0,NA,NA,NA,NA,NA,NA
1485,NA,1,1,1,1,1,0,NA,NA,NA,NA,NA,NA
1486,NA,1,1,1,1,1,0,NA,NA,NA,NA,NA,NA
1487,NA,0,1,1,0,1,0,NA,NA,NA,NA,NA,NA
1488,NA,0,0,1,0,0,0,NA,NA,NA,NA,NA,NA
1489,NA,0,0,1,1,1,0,NA,NA,NA,NA,NA,NA
1490,NA,0,0,0,0,0,0,NA,NA,NA,NA,NA,NA
1491,NA,0,0,0,1,1,0,NA,NA,NA,NA,NA,NA
1492,NA,0,0,0,0,0,0,NA,NA,NA,NA,NA,NA
1493,NA,1,1,1,1,1,0,NA,NA,NA,NA,NA,NA
1494,NA,0,0,0,1,1,0,NA,NA,NA,NA,NA,NA
1495,NA,1,1,1,1,1,0,NA,NA,NA,NA,NA,NA
1496,NA,1,0,1,1,1,0,NA,NA,NA,NA,NA,NA
1497,NA,1,1,1,1,0,0,NA,NA,NA,NA,NA,NA
1498,NA,1,1,1,1,1,0,NA,NA,NA,NA,NA,NA
1499,NA,0,1,1,0,0,0,NA,NA,NA,NA,NA,NA
1500,NA,1,0,1,1,1,0,NA,NA,NA,NA,NA,NA
1501,NA,0,0,0,0,1,0,NA,NA,NA,NA,NA,NA
1502,NA,1,1,1,1,1,0,NA,NA,NA,NA,NA,NA
1503,NA,0,0,0,0,0,0,NA,NA,NA,NA,NA,NA
1504,NA,1,1,1,1,1,0,NA,NA,NA,NA,NA,NA
1505,NA,1,0,1,1,1,0,NA,NA,NA,NA,NA,NA
1506,NA,1,1,1,1,1,0,NA,NA,NA,NA,NA,NA
1507,NA,1,1,1,1,1,0,NA,NA,NA,NA,NA,NA
1508,NA,1,0,1,1,1,0,NA,NA,NA,NA,NA,NA
1509,NA,1,0,1,0,1,0,NA,NA,NA,NA,NA,NA
1510,NA,1,0,1,1,1,NA,NA,NA,NA,NA,NA,NA
1511,NA,1,1,1,1,1,NA,NA,NA,NA,NA,NA,NA
1512,NA,0,1,1,0,1,NA,NA,NA,NA,NA,NA,NA
1513,NA,1,1,1,1,1,NA,NA,NA,NA,NA,NA,NA
1514,NA,0,1,1,1,1,NA,NA,NA,NA,NA,NA,NA
1515,NA,0,0,0,0,NA,NA,NA,NA,NA,NA,NA,NA
1516,NA,1,0,1,NA,NA,NA,NA,NA,NA,NA,NA,NA
1517,NA,1,1,NA,NA,NA,NA,NA,NA,NA,NA,NA,NA
1518,NA,1,1,NA,NA,NA,NA,NA,NA,NA,NA,NA,NA
1519,NA,1,1,NA,NA,NA,NA,NA,NA,NA,NA,NA,NA
1520,NA,1,1,NA,NA,NA,NA,NA,NA,NA,NA,NA,NA
1521,NA,0,1,NA,NA,NA,NA,NA,NA,NA,NA,NA,NA
1522,NA,1,1,NA,NA,NA,NA,NA,NA,NA,NA,NA,NA
1523,NA,1,1,NA,NA,NA,NA,NA,NA,NA,NA,NA,NA
1524,NA,1,1,NA,NA,NA,NA,NA,NA,NA,NA,NA,NA
1525,NA,1,0,NA,NA,NA,NA,NA,NA,NA,NA,NA,NA
1526,NA,1,1,NA,NA,NA,NA,NA,NA,NA,NA,NA,NA
1527,NA,1,1,NA,NA,NA,NA,NA,NA,NA,NA,NA,NA
1528,NA,0,1,NA,NA,NA,NA,NA,NA,NA,NA,NA,NA
1529,NA,1,1,NA,NA,NA,NA,NA,NA,NA,NA,NA,NA
1530,NA,1,1,NA,NA,NA,NA,NA,NA,NA,NA,NA,NA
1531,NA,1,NA,NA,NA,NA,NA,NA,NA,NA,NA,NA,NA
1532,NA,0,NA,NA,NA,NA,NA,NA,NA,NA,NA,NA,NA
1533,NA,0,NA,NA,NA,NA,NA,NA,NA,NA,NA,NA,NA
1534,NA,NA,0,1,0,1,1,0,0,0,1,1,NA
1535,NA,NA,0,1,1,1,1,1,0,0,1,1,NA
1536,NA,NA,1,1,1,0,1,1,0,0,1,0,NA
1537,NA,NA,1,1,0,1,1,0,0,0,1,1,NA
1538,NA,NA,1,1,0,1,0,1,0,0,1,0,NA
1539,NA,NA,1,1,1,1,1,1,0,0,1,1,NA
1540,NA,NA,1,0,0,0,0,0,0,0,0,0,NA
1541,NA,NA,1,0,0,0,1,1,0,0,1,1,NA
1542,NA,NA,1,0,1,1,0,0,0,0,0,0,NA
1543,NA,NA,0,1,0,0,0,1,0,0,0,NA,NA
1544,NA,NA,1,1,1,1,1,1,0,0,1,NA,NA
1545,NA,NA,1,1,1,1,0,0,0,0,NA,NA,NA
1546,NA,NA,1,1,1,1,1,1,0,0,NA,NA,NA
1547,NA,NA,1,0,0,1,0,1,0,0,NA,NA,NA
1548,NA,NA,1,1,1,1,1,1,0,0,NA,NA,NA
1549,NA,NA,1,1,1,1,1,1,0,0,NA,NA,NA
1550,NA,NA,0,1,1,1,0,0,0,0,NA,NA,NA
1551,NA,NA,1,1,1,1,0,0,0,0,NA,NA,NA
1552,NA,NA,1,1,0,1,0,1,0,0,NA,NA,NA
1553,NA,NA,1,1,1,1,1,1,0,0,NA,NA,NA
1554,NA,NA,1,1,1,1,0,0,0,NA,NA,NA,NA
1555,NA,NA,1,1,1,1,0,1,0,NA,NA,NA,NA
1556,NA,NA,1,1,1,1,1,0,0,NA,NA,NA,NA
1557,NA,NA,1,1,1,1,0,0,0,NA,NA,NA,NA
1558,NA,NA,0,1,0,0,0,0,0,NA,NA,NA,NA
1559,NA,NA,1,1,1,1,1,1,0,NA,NA,NA,NA
1560,NA,NA,1,1,1,1,1,1,0,NA,NA,NA,NA
1561,NA,NA,1,1,1,1,0,0,0,NA,NA,NA,NA
1562,NA,NA,1,0,1,1,0,0,1,NA,NA,NA,NA
1563,NA,NA,1,1,0,1,0,0,0,NA,NA,NA,NA
1564,NA,NA,0,0,0,0,0,0,0,NA,NA,NA,NA
1565,NA,NA,1,1,1,1,0,0,0,NA,NA,NA,NA
1566,NA,NA,1,1,0,1,0,0,0,NA,NA,NA,NA
1567,NA,NA,1,1,0,0,0,0,0,NA,NA,NA,NA
1568,NA,NA,1,1,1,1,0,0,0,NA,NA,NA,NA
1569,NA,NA,1,1,0,1,1,0,NA,NA,NA,NA,NA
1570,NA,NA,1,1,1,1,0,NA,NA,NA,NA,NA,NA
1571,NA,NA,1,0,0,1,0,NA,NA,NA,NA,NA,NA
1572,NA,NA,1,0,0,1,0,NA,NA,NA,NA,NA,NA
1573,NA,NA,1,0,0,0,0,NA,NA,NA,NA,NA,NA
1574,NA,NA,0,1,1,1,0,NA,NA,NA,NA,NA,NA
1575,NA,NA,1,1,1,1,0,NA,NA,NA,NA,NA,NA
1576,NA,NA,0,1,1,1,0,NA,NA,NA,NA,NA,NA
1577,NA,NA,1,1,1,1,0,NA,NA,NA,NA,NA,NA
1578,NA,NA,1,1,0,1,0,NA,NA,NA,NA,NA,NA
1579,NA,NA,1,1,1,1,0,NA,NA,NA,NA,NA,NA
1580,NA,NA,0,1,1,1,0,NA,NA,NA,NA,NA,NA
1581,NA,NA,1,1,1,1,0,NA,NA,NA,NA,NA,NA
1582,NA,NA,1,1,1,1,0,NA,NA,NA,NA,NA,NA
1583,NA,NA,1,1,1,1,0,NA,NA,NA,NA,NA,NA
1584,NA,NA,0,0,0,1,0,NA,NA,NA,NA,NA,NA
1585,NA,NA,1,0,1,1,0,NA,NA,NA,NA,NA,NA
1586,NA,NA,1,1,1,1,0,NA,NA,NA,NA,NA,NA
1587,NA,NA,1,1,0,1,0,NA,NA,NA,NA,NA,NA
1588,NA,NA,0,1,1,1,0,NA,NA,NA,NA,NA,NA
1589,NA,NA,0,1,0,1,0,NA,NA,NA,NA,NA,NA
1590,NA,NA,0,1,1,1,0,NA,NA,NA,NA,NA,NA
1591,NA,NA,1,1,1,1,0,NA,NA,NA,NA,NA,NA
1592,NA,NA,1,1,0,1,0,NA,NA,NA,NA,NA,NA
1593,NA,NA,0,1,1,0,0,NA,NA,NA,NA,NA,NA
1594,NA,NA,1,1,0,0,0,NA,NA,NA,NA,NA,NA
1595,NA,NA,0,1,0,1,0,NA,NA,NA,NA,NA,NA
1596,NA,NA,1,1,1,1,0,NA,NA,NA,NA,NA,NA
1597,NA,NA,1,1,0,1,0,NA,NA,NA,NA,NA,NA
1598,NA,NA,0,1,0,1,0,NA,NA,NA,NA,NA,NA
1599,NA,NA,1,1,1,1,0,NA,NA,NA,NA,NA,NA
1600,NA,NA,1,1,1,1,0,NA,NA,NA,NA,NA,NA
1601,NA,NA,1,1,1,1,0,NA,NA,NA,NA,NA,NA
1602,NA,NA,1,1,1,1,0,NA,NA,NA,NA,NA,NA
1603,NA,NA,0,1,0,0,0,NA,NA,NA,NA,NA,NA
1604,NA,NA,1,1,1,1,0,NA,NA,NA,NA,NA,NA
1605,NA,NA,1,1,1,1,0,NA,NA,NA,NA,NA,NA
1606,NA,NA,0,0,0,0,0,NA,NA,NA,NA,NA,NA
1607,NA,NA,0,0,1,1,0,NA,NA,NA,NA,NA,NA
1608,NA,NA,1,1,1,1,0,NA,NA,NA,NA,NA,NA
1609,NA,NA,1,1,0,1,0,NA,NA,NA,NA,NA,NA
1610,NA,NA,1,1,1,1,0,NA,NA,NA,NA,NA,NA
1611,NA,NA,1,1,1,1,0,NA,NA,NA,NA,NA,NA
1612,NA,NA,0,1,1,1,0,NA,NA,NA,NA,NA,NA
1613,NA,NA,1,1,1,1,0,NA,NA,NA,NA,NA,NA
1614,NA,NA,1,1,1,1,0,NA,NA,NA,NA,NA,NA
1615,NA,NA,1,0,0,1,0,NA,NA,NA,NA,NA,NA
1616,NA,NA,1,1,1,1,0,NA,NA,NA,NA,NA,NA
1617,NA,NA,1,0,1,1,0,NA,NA,NA,NA,NA,NA
1618,NA,NA,1,1,1,1,0,NA,NA,NA,NA,NA,NA
1619,NA,NA,0,1,1,1,0,NA,NA,NA,NA,NA,NA
1620,NA,NA,1,1,1,1,0,NA,NA,NA,NA,NA,NA
1621,NA,NA,1,1,0,1,NA,NA,NA,NA,NA,NA,NA
1622,NA,NA,1,0,1,1,NA,NA,NA,NA,NA,NA,NA
1623,NA,NA,1,1,1,1,NA,NA,NA,NA,NA,NA,NA
1624,NA,NA,1,1,0,1,NA,NA,NA,NA,NA,NA,NA
1625,NA,NA,1,1,0,1,NA,NA,NA,NA,NA,NA,NA
1626,NA,NA,1,1,1,1,NA,NA,NA,NA,NA,NA,NA
1627,NA,NA,1,1,1,1,NA,NA,NA,NA,NA,NA,NA
1628,NA,NA,1,NA,NA,NA,NA,NA,NA,NA,NA,NA,NA
1629,NA,NA,1,NA,NA,NA,NA,NA,NA,NA,NA,NA,NA
1630,NA,NA,1,NA,NA,NA,NA,NA,NA,NA,NA,NA,NA
1631,NA,NA,1,NA,NA,NA,NA,NA,NA,NA,NA,NA,NA
1632,NA,NA,1,NA,NA,NA,NA,NA,NA,NA,NA,NA,NA
1633,NA,NA,1,NA,NA,NA,NA,NA,NA,NA,NA,NA,NA
1634,NA,NA,0,NA,NA,NA,NA,NA,NA,NA,NA,NA,NA
1635,NA,NA,NA,0,1,1,0,0,0,0,1,0,NA
1636,NA,NA,NA,1,1,1,0,1,0,0,1,1,NA
1637,NA,NA,NA,1,1,1,1,1,0,0,1,1,NA
1638,NA,NA,NA,1,1,1,0,0,0,0,1,1,NA
1639,NA,NA,NA,1,1,1,1,0,0,0,1,1,NA
1640,NA,NA,NA,1,0,0,1,0,0,0,1,1,NA
1641,NA,NA,NA,1,1,1,1,1,0,0,1,1,NA
1642,NA,NA,NA,0,0,0,0,0,0,0,0,0,NA
1643,NA,NA,NA,1,0,1,0,0,0,0,0,0,NA
1644,NA,NA,NA,1,1,1,1,0,0,0,1,1,NA
1645,NA,NA,NA,1,0,1,1,1,0,0,1,1,NA
1646,NA,NA,NA,1,1,0,0,0,0,0,0,NA,NA
1647,NA,NA,NA,1,1,0,0,1,0,0,1,NA,NA
1648,NA,NA,NA,1,1,1,0,1,0,0,1,NA,NA
1649,NA,NA,NA,1,1,1,0,1,0,0,1,NA,NA
1650,NA,NA,NA,1,1,1,1,1,0,1,1,NA,NA
1651,NA,NA,NA,1,1,1,0,1,0,0,0,NA,NA
1652,NA,NA,NA,1,1,1,1,1,0,0,1,NA,NA
1653,NA,NA,NA,1,0,1,1,1,0,0,1,NA,NA
1654,NA,NA,NA,0,0,1,0,0,0,0,1,NA,NA
1655,NA,NA,NA,1,0,1,1,1,0,0,1,NA,NA
1656,NA,NA,NA,1,1,1,1,1,0,0,NA,NA,NA
1657,NA,NA,NA,1,1,1,0,1,0,0,NA,NA,NA
1658,NA,NA,NA,1,1,1,1,1,0,0,NA,NA,NA
1659,NA,NA,NA,0,0,0,0,1,0,0,NA,NA,NA
1660,NA,NA,NA,0,0,0,0,0,0,0,NA,NA,NA
1661,NA,NA,NA,1,1,1,1,1,0,0,NA,NA,NA
1662,NA,NA,NA,0,0,1,0,1,0,0,NA,NA,NA
1663,NA,NA,NA,1,0,1,0,0,0,0,NA,NA,NA
1664,NA,NA,NA,1,1,1,1,1,0,0,NA,NA,NA
1665,NA,NA,NA,1,0,1,0,1,0,0,NA,NA,NA
1666,NA,NA,NA,1,1,1,0,1,0,0,NA,NA,NA
1667,NA,NA,NA,1,0,1,0,1,0,0,NA,NA,NA
1668,NA,NA,NA,0,0,0,0,1,0,0,NA,NA,NA
1669,NA,NA,NA,1,1,1,1,1,0,0,NA,NA,NA
1670,NA,NA,NA,0,0,0,0,0,0,0,NA,NA,NA
1671,NA,NA,NA,1,1,1,1,1,0,0,NA,NA,NA
1672,NA,NA,NA,1,1,1,1,0,0,NA,NA,NA,NA
1673,NA,NA,NA,1,1,1,0,0,0,NA,NA,NA,NA
1674,NA,NA,NA,1,0,0,0,0,0,NA,NA,NA,NA
1675,NA,NA,NA,0,0,1,0,0,0,NA,NA,NA,NA
1676,NA,NA,NA,1,1,1,0,0,0,NA,NA,NA,NA
1677,NA,NA,NA,0,0,0,0,0,0,NA,NA,NA,NA
1678,NA,NA,NA,1,1,1,0,1,0,NA,NA,NA,NA
1679,NA,NA,NA,0,0,1,0,0,0,NA,NA,NA,NA
1680,NA,NA,NA,1,1,1,0,0,0,NA,NA,NA,NA
1681,NA,NA,NA,1,0,0,0,0,0,NA,NA,NA,NA
1682,NA,NA,NA,0,0,0,0,0,0,NA,NA,NA,NA
1683,NA,NA,NA,1,1,1,0,0,1,NA,NA,NA,NA
1684,NA,NA,NA,1,0,1,1,0,0,NA,NA,NA,NA
1685,NA,NA,NA,0,0,0,0,0,0,NA,NA,NA,NA
1686,NA,NA,NA,0,0,0,0,0,0,NA,NA,NA,NA
1687,NA,NA,NA,1,0,1,0,0,0,NA,NA,NA,NA
1688,NA,NA,NA,0,0,0,0,0,0,NA,NA,NA,NA
1689,NA,NA,NA,0,0,0,0,0,0,NA,NA,NA,NA
1690,NA,NA,NA,1,1,1,0,0,0,NA,NA,NA,NA
1691,NA,NA,NA,0,0,0,0,0,0,NA,NA,NA,NA
1692,NA,NA,NA,0,0,0,0,0,0,NA,NA,NA,NA
1693,NA,NA,NA,0,0,1,0,0,0,NA,NA,NA,NA
1694,NA,NA,NA,1,1,1,0,0,0,NA,NA,NA,NA
1695,NA,NA,NA,1,1,1,0,NA,NA,NA,NA,NA,NA
1696,NA,NA,NA,0,0,0,0,NA,NA,NA,NA,NA,NA
1697,NA,NA,NA,1,0,1,0,NA,NA,NA,NA,NA,NA
1698,NA,NA,NA,1,1,1,0,NA,NA,NA,NA,NA,NA
1699,NA,NA,NA,1,0,1,0,NA,NA,NA,NA,NA,NA
1700,NA,NA,NA,1,1,1,0,NA,NA,NA,NA,NA,NA
1701,NA,NA,NA,1,1,1,0,NA,NA,NA,NA,NA,NA
1702,NA,NA,NA,1,1,1,0,NA,NA,NA,NA,NA,NA
1703,NA,NA,NA,1,1,1,0,NA,NA,NA,NA,NA,NA
1704,NA,NA,NA,1,0,1,0,NA,NA,NA,NA,NA,NA
1705,NA,NA,NA,1,1,1,0,NA,NA,NA,NA,NA,NA
1706,NA,NA,NA,1,0,1,0,NA,NA,NA,NA,NA,NA
1707,NA,NA,NA,1,1,1,0,NA,NA,NA,NA,NA,NA
1708,NA,NA,NA,1,1,1,1,NA,NA,NA,NA,NA,NA
1709,NA,NA,NA,1,0,1,0,NA,NA,NA,NA,NA,NA
1710,NA,NA,NA,1,1,1,0,NA,NA,NA,NA,NA,NA
1711,NA,NA,NA,0,1,1,0,NA,NA,NA,NA,NA,NA
1712,NA,NA,NA,1,1,1,0,NA,NA,NA,NA,NA,NA
1713,NA,NA,NA,0,1,1,0,NA,NA,NA,NA,NA,NA
1714,NA,NA,NA,1,0,0,0,NA,NA,NA,NA,NA,NA
1715,NA,NA,NA,1,1,1,0,NA,NA,NA,NA,NA,NA
1716,NA,NA,NA,1,0,1,0,NA,NA,NA,NA,NA,NA
1717,NA,NA,NA,1,1,1,0,NA,NA,NA,NA,NA,NA
1718,NA,NA,NA,1,0,1,0,NA,NA,NA,NA,NA,NA
1719,NA,NA,NA,1,1,1,0,NA,NA,NA,NA,NA,NA
1720,NA,NA,NA,1,1,1,0,NA,NA,NA,NA,NA,NA
1721,NA,NA,NA,1,1,1,0,NA,NA,NA,NA,NA,NA
1722,NA,NA,NA,1,0,1,0,NA,NA,NA,NA,NA,NA
1723,NA,NA,NA,1,1,1,0,NA,NA,NA,NA,NA,NA
1724,NA,NA,NA,1,1,1,0,NA,NA,NA,NA,NA,NA
1725,NA,NA,NA,1,0,1,0,NA,NA,NA,NA,NA,NA
1726,NA,NA,NA,1,1,1,0,NA,NA,NA,NA,NA,NA
1727,NA,NA,NA,1,1,1,0,NA,NA,NA,NA,NA,NA
1728,NA,NA,NA,0,0,1,0,NA,NA,NA,NA,NA,NA
1729,NA,NA,NA,1,1,1,0,NA,NA,NA,NA,NA,NA
1730,NA,NA,NA,1,1,1,0,NA,NA,NA,NA,NA,NA
1731,NA,NA,NA,0,0,0,0,NA,NA,NA,NA,NA,NA
1732,NA,NA,NA,1,1,1,0,NA,NA,NA,NA,NA,NA
1733,NA,NA,NA,1,1,1,0,NA,NA,NA,NA,NA,NA
1734,NA,NA,NA,1,0,1,0,NA,NA,NA,NA,NA,NA
1735,NA,NA,NA,1,1,1,0,NA,NA,NA,NA,NA,NA
1736,NA,NA,NA,1,0,1,0,NA,NA,NA,NA,NA,NA
1737,NA,NA,NA,0,0,0,0,NA,NA,NA,NA,NA,NA
1738,NA,NA,NA,1,1,1,0,NA,NA,NA,NA,NA,NA
1739,NA,NA,NA,1,0,1,0,NA,NA,NA,NA,NA,NA
1740,NA,NA,NA,1,0,1,0,NA,NA,NA,NA,NA,NA
1741,NA,NA,NA,1,1,1,0,NA,NA,NA,NA,NA,NA
1742,NA,NA,NA,1,1,1,0,NA,NA,NA,NA,NA,NA
1743,NA,NA,NA,1,1,1,0,NA,NA,NA,NA,NA,NA
1744,NA,NA,NA,1,0,0,0,NA,NA,NA,NA,NA,NA
1745,NA,NA,NA,0,0,0,0,NA,NA,NA,NA,NA,NA
1746,NA,NA,NA,1,1,1,0,NA,NA,NA,NA,NA,NA
1747,NA,NA,NA,1,1,1,0,NA,NA,NA,NA,NA,NA
1748,NA,NA,NA,0,0,0,0,NA,NA,NA,NA,NA,NA
1749,NA,NA,NA,1,0,1,0,NA,NA,NA,NA,NA,NA
1750,NA,NA,NA,1,1,1,0,NA,NA,NA,NA,NA,NA
1751,NA,NA,NA,1,0,1,0,NA,NA,NA,NA,NA,NA
1752,NA,NA,NA,0,0,0,0,NA,NA,NA,NA,NA,NA
1753,NA,NA,NA,0,0,0,0,NA,NA,NA,NA,NA,NA
1754,NA,NA,NA,1,1,1,0,NA,NA,NA,NA,NA,NA
1755,NA,NA,NA,1,0,0,0,NA,NA,NA,NA,NA,NA
1756,NA,NA,NA,1,1,0,0,NA,NA,NA,NA,NA,NA
1757,NA,NA,NA,1,1,1,0,NA,NA,NA,NA,NA,NA
1758,NA,NA,NA,1,0,1,0,NA,NA,NA,NA,NA,NA
1759,NA,NA,NA,1,1,1,0,NA,NA,NA,NA,NA,NA
1760,NA,NA,NA,1,1,0,0,NA,NA,NA,NA,NA,NA
1761,NA,NA,NA,1,1,1,0,NA,NA,NA,NA,NA,NA
1762,NA,NA,NA,1,1,1,0,NA,NA,NA,NA,NA,NA
1763,NA,NA,NA,0,0,0,0,NA,NA,NA,NA,NA,NA
1764,NA,NA,NA,1,1,0,0,NA,NA,NA,NA,NA,NA
1765,NA,NA,NA,1,1,1,NA,NA,NA,NA,NA,NA,NA
1766,NA,NA,NA,1,1,1,NA,NA,NA,NA,NA,NA,NA
1767,NA,NA,NA,1,1,1,NA,NA,NA,NA,NA,NA,NA
1768,NA,NA,NA,NA,0,1,1,1,0,0,1,1,NA
1769,NA,NA,NA,NA,0,0,0,1,0,0,0,1,NA
1770,NA,NA,NA,NA,0,0,0,0,0,0,NA,NA,NA
1771,NA,NA,NA,NA,1,1,0,NA,NA,NA,NA,NA,NA
1772,NA,NA,NA,NA,0,0,0,NA,NA,NA,NA,NA,NA
1773,NA,NA,NA,NA,1,1,0,NA,NA,NA,NA,NA,NA
1774,NA,NA,NA,NA,1,1,0,NA,NA,NA,NA,NA,NA
1775,NA,NA,NA,NA,0,0,0,NA,NA,NA,NA,NA,NA
1776,NA,NA,NA,NA,NA,1,0,1,0,1,1,1,NA
1777,NA,NA,NA,NA,NA,1,1,1,1,0,1,1,NA
1778,NA,NA,NA,NA,NA,0,0,NA,NA,NA,NA,NA,NA
1779,NA,NA,NA,NA,NA,NA,0,1,0,0,1,1,NA
1780,NA,NA,NA,NA,NA,NA,1,1,0,0,1,0,NA
1781,NA,NA,NA,NA,NA,NA,1,1,0,0,1,1,NA
1782,NA,NA,NA,NA,NA,NA,0,0,0,0,0,0,NA
1783,NA,NA,NA,NA,NA,NA,1,1,0,0,1,1,NA
1784,NA,NA,NA,NA,NA,NA,0,1,0,0,0,1,NA
1785,NA,NA,NA,NA,NA,NA,0,0,0,0,1,1,NA
1786,NA,NA,NA,NA,NA,NA,0,1,0,0,1,1,NA
1787,NA,NA,NA,NA,NA,NA,0,1,0,0,1,1,NA
1788,NA,NA,NA,NA,NA,NA,0,1,0,0,1,1,NA
1789,NA,NA,NA,NA,NA,NA,0,0,0,0,1,0,NA
1790,NA,NA,NA,NA,NA,NA,0,1,0,0,1,1,NA
1791,NA,NA,NA,NA,NA,NA,0,0,0,0,0,0,NA
1792,NA,NA,NA,NA,NA,NA,0,1,0,0,1,1,NA
1793,NA,NA,NA,NA,NA,NA,0,1,0,0,0,1,NA
1794,NA,NA,NA,NA,NA,NA,0,1,0,0,1,1,NA
1795,NA,NA,NA,NA,NA,NA,0,1,0,0,1,1,NA
1796,NA,NA,NA,NA,NA,NA,0,0,0,0,1,1,NA
1797,NA,NA,NA,NA,NA,NA,0,1,0,0,1,1,NA
1798,NA,NA,NA,NA,NA,NA,0,1,0,0,0,0,NA
1799,NA,NA,NA,NA,NA,NA,0,1,0,0,1,1,NA
1800,NA,NA,NA,NA,NA,NA,0,1,0,0,1,1,NA
1801,NA,NA,NA,NA,NA,NA,0,1,0,0,1,1,NA
1802,NA,NA,NA,NA,NA,NA,0,1,0,0,0,1,NA
1803,NA,NA,NA,NA,NA,NA,0,0,0,0,1,0,NA
1804,NA,NA,NA,NA,NA,NA,0,0,1,0,0,0,NA
1805,NA,NA,NA,NA,NA,NA,0,1,0,0,1,1,NA
1806,NA,NA,NA,NA,NA,NA,0,1,0,0,1,0,NA
1807,NA,NA,NA,NA,NA,NA,0,0,0,0,1,0,NA
1808,NA,NA,NA,NA,NA,NA,0,0,0,0,0,NA,NA
1809,NA,NA,NA,NA,NA,NA,0,1,0,0,1,NA,NA
1810,NA,NA,NA,NA,NA,NA,0,1,0,0,1,NA,NA
1811,NA,NA,NA,NA,NA,NA,0,1,0,0,1,NA,NA
1812,NA,NA,NA,NA,NA,NA,0,1,0,0,1,NA,NA
1813,NA,NA,NA,NA,NA,NA,0,0,0,0,0,NA,NA
1814,NA,NA,NA,NA,NA,NA,0,0,0,0,0,NA,NA
1815,NA,NA,NA,NA,NA,NA,0,1,0,0,1,NA,NA
1816,NA,NA,NA,NA,NA,NA,0,0,0,0,NA,NA,NA
1817,NA,NA,NA,NA,NA,NA,0,0,0,0,NA,NA,NA
1818,NA,NA,NA,NA,NA,NA,0,1,0,0,NA,NA,NA
1819,NA,NA,NA,NA,NA,NA,0,1,0,0,NA,NA,NA
1820,NA,NA,NA,NA,NA,NA,0,1,0,0,NA,NA,NA
1821,NA,NA,NA,NA,NA,NA,0,1,0,0,NA,NA,NA
1822,NA,NA,NA,NA,NA,NA,0,1,0,0,NA,NA,NA
1823,NA,NA,NA,NA,NA,NA,0,0,0,0,NA,NA,NA
1824,NA,NA,NA,NA,NA,NA,0,1,0,0,NA,NA,NA
1825,NA,NA,NA,NA,NA,NA,0,0,0,0,NA,NA,NA
1826,NA,NA,NA,NA,NA,NA,0,1,0,0,NA,NA,NA
1827,NA,NA,NA,NA,NA,NA,0,0,0,0,NA,NA,NA
1828,NA,NA,NA,NA,NA,NA,0,0,0,0,NA,NA,NA
1829,NA,NA,NA,NA,NA,NA,0,1,0,0,NA,NA,NA
1830,NA,NA,NA,NA,NA,NA,0,1,0,0,NA,NA,NA
1831,NA,NA,NA,NA,NA,NA,0,1,0,0,NA,NA,NA
1832,NA,NA,NA,NA,NA,NA,0,1,0,0,NA,NA,NA
1833,NA,NA,NA,NA,NA,NA,0,1,0,0,NA,NA,NA
1834,NA,NA,NA,NA,NA,NA,0,1,0,0,NA,NA,NA
1835,NA,NA,NA,NA,NA,NA,0,1,0,0,NA,NA,NA
1836,NA,NA,NA,NA,NA,NA,0,1,0,NA,NA,NA,NA
1837,NA,NA,NA,NA,NA,NA,0,0,0,NA,NA,NA,NA
1838,NA,NA,NA,NA,NA,NA,0,0,0,NA,NA,NA,NA
1839,NA,NA,NA,NA,NA,NA,0,1,0,NA,NA,NA,NA
1840,NA,NA,NA,NA,NA,NA,0,1,0,NA,NA,NA,NA
1841,NA,NA,NA,NA,NA,NA,0,0,0,NA,NA,NA,NA
1842,NA,NA,NA,NA,NA,NA,0,0,0,NA,NA,NA,NA
1843,NA,NA,NA,NA,NA,NA,0,0,0,NA,NA,NA,NA
1844,NA,NA,NA,NA,NA,NA,0,0,0,NA,NA,NA,NA
1845,NA,NA,NA,NA,NA,NA,0,0,0,NA,NA,NA,NA
1846,NA,NA,NA,NA,NA,NA,0,0,0,NA,NA,NA,NA
1847,NA,NA,NA,NA,NA,NA,0,0,0,NA,NA,NA,NA
1848,NA,NA,NA,NA,NA,NA,0,0,0,NA,NA,NA,NA
1849,NA,NA,NA,NA,NA,NA,0,0,0,NA,NA,NA,NA
1850,NA,NA,NA,NA,NA,NA,0,0,0,NA,NA,NA,NA
1851,NA,NA,NA,NA,NA,NA,0,NA,NA,NA,NA,NA,NA
1852,NA,NA,NA,NA,NA,NA,0,NA,NA,NA,NA,NA,NA
1853,NA,NA,NA,NA,NA,NA,0,NA,NA,NA,NA,NA,NA
1854,NA,NA,NA,NA,NA,NA,0,NA,NA,NA,NA,NA,NA
1855,NA,NA,NA,NA,NA,NA,0,NA,NA,NA,NA,NA,NA
1856,NA,NA,NA,NA,NA,NA,0,NA,NA,NA,NA,NA,NA
1857,NA,NA,NA,NA,NA,NA,0,NA,NA,NA,NA,NA,NA
1858,NA,NA,NA,NA,NA,NA,0,NA,NA,NA,NA,NA,NA
1859,NA,NA,NA,NA,NA,NA,0,NA,NA,NA,NA,NA,NA
1860,NA,NA,NA,NA,NA,NA,0,NA,NA,NA,NA,NA,NA
1861,NA,NA,NA,NA,NA,NA,0,NA,NA,NA,NA,NA,NA
1862,NA,NA,NA,NA,NA,NA,0,NA,NA,NA,NA,NA,NA
1863,NA,NA,NA,NA,NA,NA,0,NA,NA,NA,NA,NA,NA
1864,NA,NA,NA,NA,NA,NA,0,NA,NA,NA,NA,NA,NA
1865,NA,NA,NA,NA,NA,NA,0,NA,NA,NA,NA,NA,NA
1866,NA,NA,NA,NA,NA,NA,0,NA,NA,NA,NA,NA,NA
1867,NA,NA,NA,NA,NA,NA,0,NA,NA,NA,NA,NA,NA
1868,NA,NA,NA,NA,NA,NA,0,NA,NA,NA,NA,NA,NA
1869,NA,NA,NA,NA,NA,NA,0,NA,NA,NA,NA,NA,NA
1870,NA,NA,NA,NA,NA,NA,0,NA,NA,NA,NA,NA,NA
1871,NA,NA,NA,NA,NA,NA,0,NA,NA,NA,NA,NA,NA
1872,NA,NA,NA,NA,NA,NA,0,NA,NA,NA,NA,NA,NA
1873,NA,NA,NA,NA,NA,NA,0,NA,NA,NA,NA,NA,NA
1874,NA,NA,NA,NA,NA,NA,0,NA,NA,NA,NA,NA,NA
1875,NA,NA,NA,NA,NA,NA,0,NA,NA,NA,NA,NA,NA
1876,NA,NA,NA,NA,NA,NA,0,NA,NA,NA,NA,NA,NA
1877,NA,NA,NA,NA,NA,NA,0,NA,NA,NA,NA,NA,NA
1878,NA,NA,NA,NA,NA,NA,0,NA,NA,NA,NA,NA,NA
1879,NA,NA,NA,NA,NA,NA,0,NA,NA,NA,NA,NA,NA
1880,NA,NA,NA,NA,NA,NA,0,NA,NA,NA,NA,NA,NA
1881,NA,NA,NA,NA,NA,NA,0,NA,NA,NA,NA,NA,NA
1882,NA,NA,NA,NA,NA,NA,0,NA,NA,NA,NA,NA,NA
1883,NA,NA,NA,NA,NA,NA,0,NA,NA,NA,NA,NA,NA
1884,NA,NA,NA,NA,NA,NA,0,NA,NA,NA,NA,NA,NA
1885,NA,NA,NA,NA,NA,NA,0,NA,NA,NA,NA,NA,NA
1886,NA,NA,NA,NA,NA,NA,0,NA,NA,NA,NA,NA,NA
1887,NA,NA,NA,NA,NA,NA,0,NA,NA,NA,NA,NA,NA
1888,NA,NA,NA,NA,NA,NA,0,NA,NA,NA,NA,NA,NA
1889,NA,NA,NA,NA,NA,NA,0,NA,NA,NA,NA,NA,NA
1890,NA,NA,NA,NA,NA,NA,0,NA,NA,NA,NA,NA,NA
1891,NA,NA,NA,NA,NA,NA,NA,0,0,1,1,1,NA
1892,NA,NA,NA,NA,NA,NA,NA,NA,0,0,0,0,NA
1893,NA,NA,NA,NA,NA,NA,NA,NA,NA,NA,1,1,NA
1894,NA,NA,NA,NA,NA,NA,NA,NA,NA,NA,1,0,NA
1895,NA,NA,NA,NA,NA,NA,NA,NA,NA,NA,1,1,NA
1896,NA,NA,NA,NA,NA,NA,NA,NA,NA,NA,1,1,NA
1897,NA,NA,NA,NA,NA,NA,NA,NA,NA,NA,NA,1,NA
1898,NA,NA,NA,NA,NA,NA,NA,NA,NA,NA,NA,NA,NA
